player_id,season,player_name,matches,innings,balls,overs,runs,wickets,bbi,average,economy,strike_rate,4w,5w
PLY_0005,2020,Abdul Samad,3,3,42,7.0,96,1,1-41,96.0,13.71,42.0,0,0
PLY_0005,2021,Abdul Samad,1,1,6,1.0,9,1,1-9,9.0,9.0,6.0,0,0
PLY_0005,2022,Abdul Samad,1,1,6,1.0,8,0,0-8,,8.0,,0,0
PLY_0005,2025,Abdul Samad,1,1,2,0.2,6,0,0-6,,18.0,,0,0
PLY_0014,2019,Abhishek Sharma,2,2,13,2.1,21,1,1-10,21.0,9.69,13.0,0,0
PLY_0014,2020,Abhishek Sharma,6,6,60,10.0,91,2,1-16,45.5,9.1,30.0,0,0
PLY_0014,2021,Abhishek Sharma,6,6,60,10.0,64,4,2-24,16.0,6.4,15.0,0,0
PLY_0014,2022,Abhishek Sharma,3,3,24,4.0,38,0,0-15,,9.5,,0,0
PLY_0014,2023,Abhishek Sharma,5,5,72,12.0,124,2,1-26,62.0,10.33,36.0,0,0
PLY_0014,2024,Abhishek Sharma,4,4,42,7.0,51,2,2-24,25.5,7.29,21.0,0,0
PLY_0014,2025,Abhishek Sharma,6,6,66,11.0,112,0,0-17,,10.18,,0,0
PLY_0015,2021,Abishek Porel,1,1,24,4.0,39,1,1-39,39.0,9.75,24.0,0,0
PLY_0018,2016,Adam Milne,1,1,24,4.0,43,1,1-43,43.0,10.75,24.0,0,0
PLY_0018,2017,Adam Milne,4,4,84,14.0,134,3,2-27,44.67,9.57,28.0,0,0
PLY_0018,2021,Adam Milne,4,4,85,14.1,131,3,2-21,43.67,9.25,28.33,0,0
PLY_0018,2022,Adam Milne,1,1,15,2.3,19,0,0-19,,7.6,,0,0
PLY_0020,2016,Adam Zampa,5,5,102,17.0,115,12,6-19,9.58,6.76,8.5,1,1
PLY_0020,2017,Adam Zampa,6,6,119,19.5,163,7,2-22,23.29,8.22,17.0,0,0
PLY_0020,2020,Adam Zampa,3,3,66,11.0,92,2,1-53,46.0,8.36,33.0,0,0
PLY_0020,2023,Adam Zampa,6,6,132,22.0,188,8,3-22,23.5,8.55,16.5,0,0
PLY_0020,2025,Adam Zampa,2,2,48,8.0,94,2,1-48,47.0,11.75,24.0,0,0
PLY_0021,2021,Adil Rashid,1,1,18,3.0,35,0,0-35,,11.67,,0,0
PLY_0021,2023,Adil Rashid,2,2,42,7.0,56,2,2-23,28.0,8.0,21.0,0,0
PLY_0026,2021,Aiden Markram,2,2,24,4.0,23,0,0-5,,5.75,,0,0
PLY_0026,2022,Aiden Markram,4,4,36,6.0,64,1,1-8,64.0,10.67,36.0,0,0
PLY_0026,2023,Aiden Markram,6,6,49,8.1,70,1,1-24,70.0,8.57,49.0,0,0
PLY_0026,2024,Aiden Markram,2,2,13,2.1,15,0,0-10,,6.92,,0,0
PLY_0026,2025,Aiden Markram,5,5,66,11.0,102,4,2-30,25.5,9.27,16.5,0,0
PLY_0031,2022,Akash Deep,5,5,115,19.1,205,5,3-45,41.0,10.7,23.0,0,0
PLY_0031,2023,Akash Deep,2,2,32,5.2,59,1,1-29,59.0,11.06,32.0,0,0
PLY_0031,2024,Akash Deep,1,1,21,3.3,55,1,1-55,55.0,15.71,21.0,0,0
PLY_0031,2025,Akash Deep,6,6,114,19.0,229,3,2-55,76.33,12.05,38.0,0,0
PLY_0032,2023,Akash Madhwal,8,8,158,26.2,219,14,5-5,15.64,8.32,11.29,2,1
PLY_0032,2024,Akash Madhwal,5,5,111,18.3,205,5,3-20,41.0,11.08,22.2,0,0
PLY_0032,2025,Akash Madhwal,4,4,90,15.0,166,4,3-29,41.5,11.07,22.5,0,0
PLY_0033,2023,Akeal Hosein,1,1,24,4.0,40,1,1-40,40.0,10.0,24.0,0,0
PLY_0034,2018,Akila Dananjaya,1,1,24,4.0,47,0,0-47,,11.75,,0,0
PLY_0037,2015,Albie Morkel,4,4,72,12.0,109,3,2-21,36.33,9.08,24.0,0,0
PLY_0037,2016,Albie Morkel,2,2,30,5.0,66,2,2-36,33.0,13.2,15.0,0,0
PLY_0042,2019,Alzarri Joseph,3,3,52,8.4,87,6,6-12,14.5,10.04,8.67,1,1
PLY_0042,2022,Alzarri Joseph,9,9,181,30.1,264,7,2-34,37.71,8.75,25.86,0,0
PLY_0042,2023,Alzarri Joseph,7,7,144,24.0,225,7,2-33,32.14,9.38,20.57,0,0
PLY_0042,2024,Alzarri Joseph,3,3,58,9.4,115,1,1-43,115.0,11.9,58.0,0,0
PLY_0043,2022,Aman Khan,1,1,6,1.0,13,0,0-13,,13.0,,0,0
PLY_0045,2015,Amit Mishra,12,12,241,40.1,310,9,2-32,34.44,7.72,26.78,0,0
PLY_0045,2016,Amit Mishra,14,14,278,46.2,344,13,4-11,26.46,7.42,21.38,1,0
PLY_0045,2017,Amit Mishra,14,14,233,38.5,343,10,3-11,34.3,8.83,23.3,0,0
PLY_0045,2018,Amit Mishra,10,10,222,37.0,264,12,3-19,22.0,7.14,18.5,0,0
PLY_0045,2019,Amit Mishra,11,11,240,40.0,270,11,3-17,24.55,6.75,21.82,0,0
PLY_0045,2020,Amit Mishra,3,3,61,10.1,72,3,2-35,24.0,7.08,20.33,0,0
PLY_0045,2021,Amit Mishra,4,4,84,14.0,109,6,4-24,18.17,7.79,14.0,1,0
PLY_0045,2023,Amit Mishra,7,7,114,19.0,149,7,2-23,21.29,7.84,16.29,0,0
PLY_0045,2024,Amit Mishra,1,1,12,2.0,20,1,1-20,20.0,10.0,12.0,0,0
PLY_0049,2015,Andre Russell,13,13,245,40.5,324,14,3-32,23.14,7.93,17.5,0,0
PLY_0049,2016,Andre Russell,12,12,219,36.3,291,15,4-20,19.4,7.97,14.6,1,0
PLY_0049,2018,Andre Russell,15,15,228,38.0,355,13,3-31,27.31,9.34,17.54,0,0
PLY_0049,2019,Andre Russell,12,12,181,30.1,287,11,2-32,26.09,9.51,16.45,0,0
PLY_0049,2020,Andre Russell,7,7,110,18.2,175,6,2-29,29.17,9.55,18.33,0,0
PLY_0049,2021,Andre Russell,8,8,114,19.0,188,11,5-15,17.09,9.89,10.36,1,1
PLY_0049,2022,Andre Russell,13,13,170,28.2,278,17,4-5,16.35,9.81,10.0,1,0
PLY_0049,2023,Andre Russell,9,9,94,15.4,172,7,3-22,24.57,10.98,13.43,0,0
PLY_0049,2024,Andre Russell,14,14,176,29.2,295,19,3-25,15.53,10.06,9.26,0,0
PLY_0049,2025,Andre Russell,9,9,112,18.4,217,8,2-35,27.12,11.62,14.0,0,0
PLY_0053,2017,Andrew Tye,6,6,126,21.0,141,12,5-17,11.75,6.71,10.5,1,1
PLY_0053,2018,Andrew Tye,14,14,338,56.2,448,24,4-34,18.67,7.95,14.08,3,0
PLY_0053,2019,Andrew Tye,6,6,132,22.0,233,3,1-37,77.67,10.59,44.0,0,0
PLY_0053,2020,Andrew Tye,1,1,25,4.1,50,1,1-50,50.0,12.0,25.0,0,0
PLY_0053,2022,Andrew Tye,3,3,66,11.0,107,2,2-40,53.5,9.73,33.0,0,0
PLY_0054,2015,Angelo Mathews,10,10,180,30.0,246,7,2-15,35.14,8.2,25.71,0,0
PLY_0054,2017,Angelo Mathews,2,2,30,5.0,56,0,0-15,,11.2,,0,0
PLY_0056,2017,Aniket Choudhary,5,5,102,17.0,144,5,2-17,28.8,8.47,20.4,0,0
PLY_0062,2016,Ankit Rajpoot,4,4,67,11.1,98,3,1-14,32.67,8.78,22.33,0,0
PLY_0062,2017,Ankit Rajpoot,5,5,84,14.0,107,4,3-37,26.75,7.64,21.0,0,0
PLY_0062,2018,Ankit Rajpoot,8,8,159,26.3,223,11,5-14,20.27,8.42,14.45,1,1
PLY_0062,2019,Ankit Rajpoot,4,4,101,16.5,152,3,2-33,50.67,9.03,33.67,0,0
PLY_0062,2020,Ankit Rajpoot,6,6,104,17.2,199,2,1-39,99.5,11.48,52.0,0,0
PLY_0063,2015,Ankit Sharma,4,4,84,14.0,114,3,1-26,38.0,8.14,28.0,0,0
PLY_0063,2016,Ankit Sharma,3,3,66,11.0,84,1,1-27,84.0,7.64,66.0,0,0
PLY_0063,2017,Ankit Sharma,1,1,6,1.0,16,0,0-16,,16.0,,0,0
PLY_0063,2018,Ankit Sharma,1,1,6,1.0,11,0,0-11,,11.0,,0,0
PLY_0064,2017,Ankit Soni,6,6,109,18.1,144,2,1-28,72.0,7.93,54.5,0,0
PLY_0066,2020,Anrich Nortje,16,16,366,61.0,512,22,3-33,23.27,8.39,16.64,0,0
PLY_0066,2021,Anrich Nortje,8,8,182,30.2,187,12,2-18,15.58,6.16,15.17,0,0
PLY_0066,2022,Anrich Nortje,6,6,138,23.0,217,9,3-42,24.11,9.43,15.33,0,0
PLY_0066,2023,Anrich Nortje,10,10,243,40.3,364,10,2-39,36.4,8.99,24.3,0,0
PLY_0066,2024,Anrich Nortje,6,6,133,22.1,294,7,3-59,42.0,13.26,19.0,0,0
PLY_0066,2025,Anrich Nortje,2,2,42,7.0,83,1,1-23,83.0,11.86,42.0,0,0
PLY_0067,2024,Anshul Kamboj,3,3,62,10.2,114,2,1-42,57.0,11.03,31.0,0,0
PLY_0067,2025,Anshul Kamboj,8,8,130,21.4,172,8,3-13,21.5,7.94,16.25,0,0
PLY_0069,2019,Anukul Roy,1,1,12,2.0,11,1,1-11,11.0,5.5,12.0,0,0
PLY_0069,2022,Anukul Roy,2,2,42,7.0,55,1,1-28,55.0,7.86,42.0,0,0
PLY_0069,2023,Anukul Roy,3,3,48,8.0,65,3,2-19,21.67,8.12,16.0,0,0
PLY_0069,2024,Anukul Roy,3,3,34,5.4,60,0,0-6,,10.59,,0,0
PLY_0069,2025,Anukul Roy,1,1,24,4.0,27,1,1-27,27.0,6.75,24.0,0,0
PLY_0070,2015,Anureet Singh,14,14,315,52.3,465,15,3-23,31.0,8.86,21.0,0,0
PLY_0070,2016,Anureet Singh,2,2,38,6.2,43,0,0-15,,6.79,,0,0
PLY_0070,2017,Anureet Singh,1,1,12,2.0,26,0,0-26,,13.0,,0,0
PLY_0070,2018,Anureet Singh,3,3,24,4.0,42,1,1-20,42.0,10.5,24.0,0,0
PLY_0073,2023,Arjun Tendulkar,4,4,60,10.0,92,3,1-18,30.67,9.2,20.0,0,0
PLY_0073,2024,Arjun Tendulkar,1,1,14,2.2,22,0,0-22,,9.43,,0,0
PLY_0075,2023,Arshad Khan,6,6,85,14.1,190,5,3-39,38.0,13.41,17.0,0,0
PLY_0075,2024,Arshad Khan,3,3,61,10.1,114,1,1-45,114.0,11.21,61.0,0,0
PLY_0075,2025,Arshad Khan,9,9,127,21.1,217,6,1-17,36.17,10.25,21.17,0,0
PLY_0076,2019,Arshdeep Singh,3,3,60,10.0,109,3,2-43,36.33,10.9,20.0,0,0
PLY_0076,2020,Arshdeep Singh,8,8,150,25.0,218,9,3-23,24.22,8.72,16.67,0,0
PLY_0076,2021,Arshdeep Singh,12,12,248,41.2,342,18,5-32,19.0,8.27,13.78,1,1
PLY_0076,2022,Arshdeep Singh,14,14,304,50.4,385,10,3-37,38.5,7.6,30.4,0,0
PLY_0076,2023,Arshdeep Singh,14,14,305,50.5,493,17,4-29,29.0,9.7,17.94,1,0
PLY_0076,2024,Arshdeep Singh,14,14,302,50.2,505,19,4-29,26.58,10.03,15.89,1,0
PLY_0076,2025,Arshdeep Singh,16,16,350,58.2,518,21,3-43,24.67,8.88,16.67,0,0
PLY_0080,2015,Ashish Nehra,16,16,373,62.1,449,22,4-10,20.41,7.22,16.95,1,0
PLY_0080,2016,Ashish Nehra,8,8,156,26.0,199,9,3-15,22.11,7.65,17.33,0,0
PLY_0080,2017,Ashish Nehra,6,6,127,21.1,197,8,3-42,24.62,9.31,15.88,0,0
PLY_0081,2015,Ashish Reddy,4,4,36,6.0,50,3,1-11,16.67,8.33,12.0,0,0
PLY_0081,2016,Ashish Reddy,2,2,23,3.5,39,1,1-14,39.0,10.17,23.0,0,0
PLY_0083,2015,Ashok Dinda,2,2,32,5.2,62,0,0-23,,11.62,,0,0
PLY_0083,2016,Ashok Dinda,9,9,184,30.4,231,11,3-23,21.0,7.53,16.73,0,0
PLY_0083,2017,Ashok Dinda,3,3,60,10.0,119,1,1-26,119.0,11.9,60.0,0,0
PLY_0087,2024,Atharva Taide,1,1,1,0.1,4,0,0-4,,24.0,,0,0
PLY_0088,2017,Avesh Khan,1,1,24,4.0,23,1,1-23,23.0,5.75,24.0,0,0
PLY_0088,2018,Avesh Khan,6,6,115,19.1,204,4,2-36,51.0,10.64,28.75,0,0
PLY_0088,2019,Avesh Khan,1,1,18,3.0,30,0,0-30,,10.0,,0,0
PLY_0088,2020,Avesh Khan,1,1,24,4.0,42,0,0-42,,10.5,,0,0
PLY_0088,2021,Avesh Khan,16,16,367,61.1,450,24,3-32,18.75,7.36,15.29,0,0
PLY_0088,2022,Avesh Khan,13,13,287,47.5,416,18,4-24,23.11,8.7,15.94,1,0
PLY_0088,2023,Avesh Khan,9,9,174,29.0,283,8,3-25,35.38,9.76,21.75,0,0
PLY_0088,2024,Avesh Khan,15,15,330,55.0,526,20,3-44,26.3,9.56,16.5,0,0
PLY_0088,2025,Avesh Khan,13,13,284,47.2,487,13,3-37,37.46,10.29,21.85,0,0
PLY_0089,2015,Axar Patel,14,14,280,46.4,392,13,2-30,30.15,8.4,21.54,0,0
PLY_0089,2016,Axar Patel,14,14,287,47.5,388,13,4-21,29.85,8.11,22.08,1,0
PLY_0089,2017,Axar Patel,14,14,288,48.0,362,15,3-11,24.13,7.54,19.2,0,0
PLY_0089,2018,Axar Patel,8,8,156,26.0,218,3,1-35,72.67,8.38,52.0,0,0
PLY_0089,2019,Axar Patel,14,14,306,51.0,364,10,2-22,36.4,7.14,30.6,0,0
PLY_0089,2020,Axar Patel,15,15,306,51.0,327,9,2-18,36.33,6.41,34.0,0,0
PLY_0089,2021,Axar Patel,12,13,282,47.0,312,15,3-21,20.8,6.64,18.8,0,0
PLY_0089,2022,Axar Patel,13,13,258,43.0,321,6,2-10,53.5,7.47,43.0,0,0
PLY_0089,2023,Axar Patel,13,13,282,47.0,338,11,2-13,30.73,7.19,25.64,0,0
PLY_0089,2024,Axar Patel,14,14,264,44.0,337,11,2-35,30.64,7.66,24.0,0,0
PLY_0089,2025,Axar Patel,12,12,216,36.0,313,5,2-19,62.6,8.69,43.2,0,0
PLY_0090,2022,Ayush Badoni,2,2,12,2.0,11,2,1-6,5.5,5.5,6.0,0,0
PLY_0090,2023,Ayush Badoni,1,1,1,0.1,0,0,0-0,,0.0,,0,0
PLY_0090,2024,Ayush Badoni,2,2,12,2.0,25,0,0-6,,12.5,,0,0
PLY_0090,2025,Ayush Badoni,2,2,10,1.4,13,2,2-4,6.5,7.8,5.0,0,0
PLY_0093,2015,Azhar Mahmood,1,1,20,3.2,41,0,0-41,,12.3,,0,0
PLY_0093,2018,Azhar Mahmood,2,2,36,6.0,75,3,2-43,25.0,12.5,12.0,0,0
PLY_0093,2021,Azhar Mahmood,1,1,14,2.2,18,1,1-18,18.0,7.71,14.0,0,0
PLY_0093,2023,Azhar Mahmood,4,4,85,14.1,138,3,2-42,46.0,9.74,28.33,0,0
PLY_0094,2024,Azmatullah Omarzai,7,7,126,21.0,186,4,2-27,46.5,8.86,31.5,0,0
PLY_0094,2025,Azmatullah Omarzai,8,8,162,27.0,279,8,2-33,34.88,10.33,20.25,0,0
PLY_0095,2024,B Indrajith,1,1,6,1.0,12,0,0-12,,12.0,,0,0
PLY_0098,2015,Barinder Sran,2,2,67,11.1,117,1,1-33,117.0,10.48,67.0,0,0
PLY_0098,2016,Barinder Sran,14,14,297,49.3,413,14,3-28,29.5,8.34,21.21,0,0
PLY_0098,2017,Barinder Sran,1,1,12,2.0,29,0,0-29,,14.5,,0,0
PLY_0098,2018,Barinder Sran,6,6,134,22.2,229,4,2-50,57.25,10.25,33.5,0,0
PLY_0098,2019,Barinder Sran,2,2,24,4.0,51,0,0-27,,12.75,,0,0
PLY_0099,2017,Basil Thampi,12,12,268,44.4,424,11,3-29,38.55,9.49,24.36,0,0
PLY_0099,2018,Basil Thampi,4,4,61,10.1,114,5,2-4,22.8,11.21,12.2,0,0
PLY_0099,2019,Basil Thampi,3,3,73,12.1,110,0,0-40,,9.04,,0,0
PLY_0099,2020,Basil Thampi,1,1,24,4.0,46,1,1-46,46.0,11.5,24.0,0,0
PLY_0099,2022,Basil Thampi,5,5,96,16.0,152,5,3-35,30.4,9.5,19.2,0,0
PLY_0100,2016,Ben Cutting,4,4,67,11.1,80,5,2-20,16.0,7.16,13.4,0,0
PLY_0100,2017,Ben Cutting,4,4,76,12.4,123,1,1-41,123.0,9.71,76.0,0,0
PLY_0100,2018,Ben Cutting,7,7,102,17.0,168,2,1-28,84.0,9.88,51.0,0,0
PLY_0100,2019,Ben Cutting,1,1,12,2.0,27,1,1-27,27.0,13.5,12.0,0,0
PLY_0100,2023,Ben Cutting,2,2,37,6.1,60,3,3-36,20.0,9.73,12.33,0,0
PLY_0102,2016,Ben Laughlin,2,2,82,13.4,91,4,2-6,22.75,6.66,20.5,0,0
PLY_0102,2018,Ben Laughlin,7,7,127,21.1,211,9,2-20,23.44,9.97,14.11,0,0
PLY_0104,2017,Ben Stokes,12,12,264,44.0,316,12,3-18,26.33,7.18,22.0,0,0
PLY_0104,2018,Ben Stokes,12,12,223,37.1,303,8,3-15,37.88,8.15,27.88,0,0
PLY_0104,2019,Ben Stokes,6,6,102,17.0,189,6,2-48,31.5,11.12,17.0,0,0
PLY_0104,2020,Ben Stokes,6,6,92,15.2,154,2,2-32,77.0,10.04,46.0,0,0
PLY_0104,2021,Ben Stokes,1,1,6,1.0,12,0,0-12,,12.0,,0,0
PLY_0104,2023,Ben Stokes,1,1,6,1.0,18,0,0-18,,18.0,,0,0
PLY_0105,2015,Beuran Hendricks,4,4,79,13.1,109,5,2-40,21.8,8.28,15.8,0,0
PLY_0109,2015,Bhuvneshwar Kumar,14,14,310,51.4,407,18,3-26,22.61,7.88,17.22,0,0
PLY_0109,2016,Bhuvneshwar Kumar,17,17,397,66.1,490,23,4-29,21.3,7.41,17.26,1,0
PLY_0109,2017,Bhuvneshwar Kumar,14,14,315,52.3,369,26,5-19,14.19,7.03,12.12,1,1
PLY_0109,2018,Bhuvneshwar Kumar,12,12,279,46.3,354,9,3-26,39.33,7.61,31.0,0,0
PLY_0109,2019,Bhuvneshwar Kumar,15,15,355,59.1,461,13,2-27,35.46,7.79,27.31,0,0
PLY_0109,2020,Bhuvneshwar Kumar,4,4,86,14.2,99,3,2-25,33.0,6.91,28.67,0,0
PLY_0109,2021,Bhuvneshwar Kumar,11,11,252,42.0,335,6,1-45,55.83,7.98,42.0,0,0
PLY_0109,2022,Bhuvneshwar Kumar,14,14,315,52.3,383,12,3-22,31.92,7.3,26.25,0,0
PLY_0109,2023,Bhuvneshwar Kumar,14,14,306,51.0,425,16,5-30,26.56,8.33,19.12,1,1
PLY_0109,2024,Bhuvneshwar Kumar,16,16,343,57.1,533,11,3-41,48.45,9.32,31.18,0,0
PLY_0109,2025,Bhuvneshwar Kumar,14,14,312,52.0,483,17,3-33,28.41,9.29,18.35,0,0
PLY_0110,2017,Billy Stanlake,2,2,48,8.0,70,2,2-29,35.0,8.75,24.0,0,0
PLY_0110,2018,Billy Stanlake,4,4,96,16.0,130,5,2-42,26.0,8.12,19.2,0,0
PLY_0112,2015,Bipul Sharma,3,3,42,7.0,50,3,2-13,16.67,7.14,14.0,0,0
PLY_0112,2016,Bipul Sharma,6,6,84,14.0,121,3,1-10,40.33,8.64,28.0,0,0
PLY_0112,2017,Bipul Sharma,7,7,98,16.2,129,3,1-4,43.0,7.9,32.67,0,0
PLY_0116,2015,Brad Hogg,6,6,126,21.0,144,9,4-29,16.0,6.86,14.0,1,0
PLY_0116,2016,Brad Hogg,5,5,96,16.0,142,4,3-19,35.5,8.88,24.0,0,0
PLY_0120,2020,Cameron Green,1,1,17,2.5,24,0,0-24,,8.47,,0,0
PLY_0120,2023,Cameron Green,16,16,229,38.1,361,6,2-41,60.17,9.46,38.17,0,0
PLY_0120,2024,Cameron Green,13,13,211,35.1,303,10,2-27,30.3,8.62,21.1,0,0
PLY_0122,2016,Carlos Brathwaite,8,8,142,23.4,189,7,3-47,27.0,7.99,20.29,0,0
PLY_0122,2017,Carlos Brathwaite,2,2,36,6.0,67,1,1-38,67.0,11.17,36.0,0,0
PLY_0122,2018,Carlos Brathwaite,4,4,61,10.1,94,5,2-21,18.8,9.25,12.2,0,0
PLY_0122,2019,Carlos Brathwaite,2,2,18,3.0,29,0,0-13,,9.67,,0,0
PLY_0127,2021,Chetan Sakariya,14,14,316,52.4,426,14,3-31,30.43,8.09,22.57,0,0
PLY_0127,2022,Chetan Sakariya,3,3,66,11.0,84,3,2-23,28.0,7.64,22.0,0,0
PLY_0127,2023,Chetan Sakariya,2,2,49,8.1,89,3,2-53,29.67,10.9,16.33,0,0
PLY_0127,2025,Chetan Sakariya,1,1,18,3.0,39,0,0-39,,13.0,,0,0
PLY_0131,2015,Chris Gayle,1,1,12,2.0,15,0,0-15,,7.5,,0,0
PLY_0131,2016,Chris Gayle,4,4,61,10.1,63,2,2-11,31.5,6.2,30.5,0,0
PLY_0131,2020,Chris Gayle,1,1,5,0.5,5,0,0-5,,6.0,,0,0
PLY_0132,2016,Chris Jordan,9,9,170,28.2,258,11,4-11,23.45,9.11,15.45,1,0
PLY_0132,2017,Chris Jordan,1,1,6,1.0,9,1,1-9,9.0,9.0,6.0,0,0
PLY_0132,2018,Chris Jordan,1,1,24,4.0,31,0,0-31,,7.75,,0,0
PLY_0132,2020,Chris Jordan,9,10,196,32.4,315,9,3-17,35.0,9.64,21.78,0,0
PLY_0132,2021,Chris Jordan,4,4,72,12.0,96,4,2-20,24.0,8.0,18.0,0,0
PLY_0132,2022,Chris Jordan,4,4,79,13.1,135,2,2-23,67.5,10.25,39.5,0,0
PLY_0132,2023,Chris Jordan,6,6,132,22.0,237,3,1-48,79.0,10.77,44.0,0,0
PLY_0134,2015,Chris Morris,11,12,259,43.1,325,14,4-23,23.21,7.53,18.5,1,0
PLY_0134,2016,Chris Morris,12,12,265,44.1,308,13,2-35,23.69,6.97,20.38,0,0
PLY_0134,2017,Chris Morris,9,9,186,31.0,240,12,4-26,20.0,7.74,15.5,1,0
PLY_0134,2018,Chris Morris,4,4,84,14.0,143,3,2-41,47.67,10.21,28.0,0,0
PLY_0134,2019,Chris Morris,9,9,200,33.2,306,13,3-30,23.54,9.18,15.38,0,0
PLY_0134,2020,Chris Morris,9,9,190,31.4,210,11,4-26,19.09,6.63,17.27,1,0
PLY_0134,2021,Chris Morris,11,11,246,41.0,376,15,4-23,25.07,9.17,16.4,1,0
PLY_0135,2017,Chris Woakes,13,13,264,44.0,386,17,3-6,22.71,8.77,15.53,0,0
PLY_0135,2018,Chris Woakes,5,5,110,18.2,190,8,3-36,23.75,10.36,13.75,0,0
PLY_0135,2021,Chris Woakes,3,3,67,11.1,82,5,2-18,16.4,7.34,13.4,0,0
PLY_0138,2016,Colin Munro,2,2,12,2.0,15,0,0-7,,7.5,,0,0
PLY_0139,2017,Colin de Grandhomme,9,9,98,16.2,135,4,3-4,33.75,8.27,24.5,0,0
PLY_0139,2018,Colin de Grandhomme,7,7,90,15.0,129,2,1-16,64.5,8.6,45.0,0,0
PLY_0139,2019,Colin de Grandhomme,3,3,30,5.0,55,0,0-27,,11.0,,0,0
PLY_0140,2025,Corbin Bosch,2,2,42,7.0,55,1,1-26,55.0,7.86,42.0,0,0
PLY_0141,2015,Corey Anderson,2,2,24,4.0,33,1,1-21,33.0,8.25,24.0,0,0
PLY_0141,2017,Corey Anderson,8,8,113,18.5,186,3,1-23,62.0,9.88,37.67,0,0
PLY_0141,2018,Corey Anderson,3,3,52,8.4,115,3,2-47,38.33,13.27,17.33,0,0
PLY_0142,2018,D'Arcy Short,2,2,18,3.0,19,1,1-10,19.0,6.33,18.0,0,0
PLY_0143,2015,Dale Steyn,6,6,114,19.0,170,3,2-38,56.67,8.95,38.0,0,0
PLY_0143,2016,Dale Steyn,1,1,12,2.0,17,0,0-17,,8.5,,0,0
PLY_0143,2019,Dale Steyn,2,2,48,8.0,69,4,2-40,17.25,8.62,12.0,0,0
PLY_0143,2020,Dale Steyn,3,3,70,11.4,133,1,1-33,133.0,11.4,70.0,0,0
PLY_0145,2017,Dan Christian,13,13,240,40.0,298,11,2-10,27.09,7.45,21.82,0,0
PLY_0145,2018,Dan Christian,4,4,71,11.5,101,4,2-35,25.25,8.54,17.75,0,0
PLY_0145,2021,Dan Christian,9,9,100,16.4,155,4,2-14,38.75,9.3,25.0,0,0
PLY_0147,2020,Daniel Sams,3,3,73,12.1,114,0,0-40,,9.37,,0,0
PLY_0147,2021,Daniel Sams,2,2,36,6.0,39,1,1-24,39.0,6.5,36.0,0,0
PLY_0147,2022,Daniel Sams,11,11,253,42.1,370,13,4-30,28.46,8.77,19.46,1,0
PLY_0151,2015,Darren Sammy,2,2,18,3.0,25,0,0-7,,8.33,,0,0
PLY_0152,2022,Darshan Nalkande,2,2,31,5.1,59,2,2-37,29.5,11.42,15.5,0,0
PLY_0152,2023,Darshan Nalkande,1,1,25,4.1,44,1,1-44,44.0,10.56,25.0,0,0
PLY_0152,2024,Darshan Nalkande,3,3,29,4.5,45,3,2-21,15.0,9.31,9.67,0,0
PLY_0153,2022,Daryl Mitchell,2,2,12,2.0,27,0,0-7,,13.5,,0,0
PLY_0153,2024,Daryl Mitchell,2,2,36,6.0,70,1,1-18,70.0,11.67,36.0,0,0
PLY_0157,2020,David Warner,1,1,1,0.1,2,0,0-2,,12.0,,0,0
PLY_0158,2015,David Wiese,13,13,254,42.2,353,16,4-33,22.06,8.34,15.88,1,0
PLY_0158,2016,David Wiese,1,1,25,4.1,49,0,0-49,,11.76,,0,0
PLY_0158,2023,David Wiese,1,1,18,3.0,38,0,0-38,,12.67,,0,0
PLY_0159,2018,David Willey,3,3,60,10.0,95,2,1-24,47.5,9.5,30.0,0,0
PLY_0159,2022,David Willey,4,4,66,11.0,72,1,1-29,72.0,6.55,66.0,0,0
PLY_0159,2023,David Willey,4,4,90,15.0,105,3,2-16,35.0,7.0,30.0,0,0
PLY_0163,2016,Deepak Chahar,2,2,30,5.0,41,0,0-13,,8.2,,0,0
PLY_0163,2017,Deepak Chahar,3,3,42,7.0,74,1,1-35,74.0,10.57,42.0,0,0
PLY_0163,2018,Deepak Chahar,12,12,231,38.3,278,10,3-15,27.8,7.22,23.1,0,0
PLY_0163,2019,Deepak Chahar,17,17,390,65.0,482,22,3-20,21.91,7.42,17.73,0,0
PLY_0163,2020,Deepak Chahar,14,14,312,52.0,396,12,2-32,33.0,7.62,26.0,0,0
PLY_0163,2021,Deepak Chahar,15,15,324,54.0,451,14,4-13,32.21,8.35,23.14,2,0
PLY_0163,2023,Deepak Chahar,10,10,204,34.0,297,13,3-27,22.85,8.74,15.69,0,0
PLY_0163,2024,Deepak Chahar,8,8,141,23.3,202,5,2-28,40.4,8.6,28.2,0,0
PLY_0163,2025,Deepak Chahar,14,14,248,41.2,376,11,2-19,34.18,9.1,22.55,0,0
PLY_0164,2015,Deepak Hooda,7,7,91,15.1,129,1,1-35,129.0,8.51,91.0,0,0
PLY_0164,2016,Deepak Hooda,6,6,78,13.0,97,3,2-16,32.33,7.46,26.0,0,0
PLY_0164,2017,Deepak Hooda,3,3,24,4.0,42,2,1-7,21.0,10.5,12.0,0,0
PLY_0164,2018,Deepak Hooda,2,2,18,3.0,24,0,0-16,,8.0,,0,0
PLY_0164,2019,Deepak Hooda,2,2,12,2.0,21,1,1-13,21.0,10.5,12.0,0,0
PLY_0164,2020,Deepak Hooda,1,1,6,1.0,9,0,0-9,,9.0,,0,0
PLY_0164,2021,Deepak Hooda,7,7,96,16.0,136,2,1-15,68.0,8.5,48.0,0,0
PLY_0164,2022,Deepak Hooda,2,2,24,4.0,43,1,1-31,43.0,10.75,24.0,0,0
PLY_0164,2023,Deepak Hooda,1,1,6,1.0,8,0,0-8,,8.0,,0,0
PLY_0164,2024,Deepak Hooda,2,2,18,3.0,22,0,0-13,,7.33,,0,0
PLY_0164,2025,Deepak Hooda,1,1,6,1.0,15,0,0-15,,15.0,,0,0
PLY_0168,2022,Dewald Brevis,1,1,3,0.3,8,1,1-8,8.0,16.0,3.0,0,0
PLY_0169,2015,Dhawal Kulkarni,11,11,211,35.1,277,13,2-9,21.31,7.88,16.23,0,0
PLY_0169,2016,Dhawal Kulkarni,14,14,294,49.0,364,18,4-14,20.22,7.43,16.33,1,0
PLY_0169,2017,Dhawal Kulkarni,6,6,113,18.5,173,3,1-37,57.67,9.19,37.67,0,0
PLY_0169,2018,Dhawal Kulkarni,8,8,119,19.5,188,4,2-32,47.0,9.48,29.75,0,0
PLY_0169,2019,Dhawal Kulkarni,10,10,211,35.1,335,6,1-30,55.83,9.53,35.17,0,0
PLY_0169,2020,Dhawal Kulkarni,1,1,18,3.0,22,0,0-22,,7.33,,0,0
PLY_0169,2021,Dhawal Kulkarni,1,1,24,4.0,48,0,0-48,,12.0,,0,0
PLY_0186,2022,Dushmantha Chameera,12,12,266,44.2,384,9,2-22,42.67,8.66,29.56,0,0
PLY_0186,2024,Dushmantha Chameera,1,1,18,3.0,48,0,0-48,,16.0,,0,0
PLY_0186,2025,Dushmantha Chameera,6,6,103,17.1,198,4,1-25,49.5,11.53,25.75,0,0
PLY_0187,2022,Dwaine Pretorius,6,6,126,21.0,210,6,2-31,35.0,10.0,21.0,0,0
PLY_0187,2023,Dwaine Pretorius,1,1,24,4.0,28,0,0-28,,7.0,,0,0
PLY_0189,2015,Dwayne Bravo,16,16,315,52.3,426,26,3-22,16.38,8.11,12.12,0,0
PLY_0189,2016,Dwayne Bravo,15,15,337,56.1,494,17,4-22,29.06,8.8,19.82,1,0
PLY_0189,2018,Dwayne Bravo,16,16,321,53.3,533,14,2-16,38.07,9.96,22.93,0,0
PLY_0189,2019,Dwayne Bravo,12,12,249,41.3,330,11,3-33,30.0,7.95,22.64,0,0
PLY_0189,2020,Dwayne Bravo,6,6,126,21.0,180,6,3-37,30.0,8.57,21.0,0,0
PLY_0189,2021,Dwayne Bravo,11,11,202,33.4,263,14,3-25,18.79,7.81,14.43,0,0
PLY_0189,2022,Dwayne Bravo,10,10,209,34.5,299,16,3-20,18.69,8.58,13.06,0,0
PLY_0190,2015,Dwayne Smith,1,1,12,2.0,17,1,1-17,17.0,8.5,12.0,0,0
PLY_0190,2016,Dwayne Smith,8,8,109,18.1,153,8,4-8,19.12,8.42,13.62,1,0
PLY_0190,2017,Dwayne Smith,9,9,78,13.0,148,2,1-10,74.0,11.38,39.0,0,0
PLY_0194,2021,Fabian Allen,3,3,66,11.0,90,1,1-22,90.0,8.18,66.0,0,0
PLY_0194,2022,Fabian Allen,1,1,24,4.0,46,1,1-46,46.0,11.5,24.0,0,0
PLY_0199,2022,Fazalhaq Farooqi,3,3,72,12.0,110,2,2-32,55.0,9.17,36.0,0,0
PLY_0199,2023,Fazalhaq Farooqi,4,4,80,13.2,117,4,2-41,29.25,8.78,20.0,0,0
PLY_0199,2025,Fazalhaq Farooqi,5,5,102,17.0,210,0,0-49,,12.35,,0,0
PLY_0202,2021,George Garton,5,5,92,15.2,135,3,1-27,45.0,8.8,30.67,0,0
PLY_0203,2024,Gerald Coetzee,10,10,202,33.4,341,13,4-34,26.23,10.13,15.54,1,0
PLY_0203,2025,Gerald Coetzee,4,4,72,12.0,131,2,1-36,65.5,10.92,36.0,0,0
PLY_0204,2015,Glenn Maxwell,7,7,60,10.0,97,2,1-5,48.5,9.7,30.0,0,0
PLY_0204,2016,Glenn Maxwell,7,7,54,9.0,80,0,0-11,,8.89,,0,0
PLY_0204,2017,Glenn Maxwell,8,8,114,19.0,125,7,2-29,17.86,6.58,16.29,0,0
PLY_0204,2018,Glenn Maxwell,10,10,96,16.0,132,5,2-22,26.4,8.25,19.2,0,0
PLY_0204,2020,Glenn Maxwell,7,7,126,21.0,169,3,1-10,56.33,8.05,42.0,0,0
PLY_0204,2021,Glenn Maxwell,6,6,96,16.0,135,3,2-23,45.0,8.44,32.0,0,0
PLY_0204,2022,Glenn Maxwell,10,10,144,24.0,165,6,2-22,27.5,6.88,24.0,0,0
PLY_0204,2023,Glenn Maxwell,7,7,62,10.2,94,3,1-28,31.33,9.1,20.67,0,0
PLY_0204,2024,Glenn Maxwell,6,6,96,16.0,129,6,2-29,21.5,8.06,16.0,0,0
PLY_0204,2025,Glenn Maxwell,6,6,78,13.0,110,4,1-26,27.5,8.46,19.5,0,0
PLY_0206,2021,Glenn Phillips,2,2,12,2.0,20,1,1-17,20.0,10.0,12.0,0,0
PLY_0206,2023,Glenn Phillips,2,2,18,3.0,20,1,1-10,20.0,6.67,18.0,0,0
PLY_0213,2015,Harbhajan Singh,15,15,528,88.0,669,29,3-27,23.07,7.6,18.21,0,0
PLY_0213,2016,Harbhajan Singh,14,14,294,49.0,392,9,2-29,43.56,8.0,32.67,0,0
PLY_0213,2017,Harbhajan Singh,11,11,246,41.0,266,8,3-22,33.25,6.49,30.75,0,0
PLY_0213,2018,Harbhajan Singh,12,12,191,31.5,270,7,2-22,38.57,8.48,27.29,0,0
PLY_0213,2019,Harbhajan Singh,11,11,264,44.0,312,16,3-20,19.5,7.09,16.5,0,0
PLY_0213,2021,Harbhajan Singh,3,3,43,7.1,63,0,0-8,,8.79,,0,0
PLY_0214,2015,Hardik Pandya,8,8,103,17.1,176,1,1-13,176.0,10.25,103.0,0,0
PLY_0214,2016,Hardik Pandya,10,10,100,16.4,153,3,1-22,51.0,9.18,33.33,0,0
PLY_0214,2017,Hardik Pandya,13,13,156,26.0,213,6,2-22,35.5,8.19,26.0,0,0
PLY_0214,2018,Hardik Pandya,13,13,257,42.5,381,18,3-24,21.17,8.89,14.28,0,0
PLY_0214,2019,Hardik Pandya,16,16,256,42.4,390,14,3-20,27.86,9.14,18.29,0,0
PLY_0214,2022,Hardik Pandya,10,10,184,30.4,222,8,3-17,27.75,7.24,23.0,0,0
PLY_0214,2023,Hardik Pandya,11,11,151,25.1,228,3,1-24,76.0,9.06,50.33,0,0
PLY_0214,2024,Hardik Pandya,12,12,216,36.0,387,11,3-31,35.18,10.75,19.64,0,0
PLY_0214,2025,Hardik Pandya,14,14,213,35.3,342,14,5-36,24.43,9.63,15.21,1,1
PLY_0215,2019,Hardus Viljoen,6,6,138,23.0,222,7,2-40,31.71,9.65,19.71,0,0
PLY_0218,2019,Harpreet Brar,2,2,30,5.0,48,0,0-24,,9.6,,0,0
PLY_0218,2020,Harpreet Brar,1,1,24,4.0,41,0,0-41,,10.25,,0,0
PLY_0218,2021,Harpreet Brar,7,7,138,23.0,139,5,3-19,27.8,6.04,27.6,0,0
PLY_0218,2022,Harpreet Brar,5,5,96,16.0,146,4,3-26,36.5,9.12,24.0,0,0
PLY_0218,2023,Harpreet Brar,11,11,163,27.1,218,9,4-30,24.22,8.02,18.11,1,0
PLY_0218,2024,Harpreet Brar,13,13,228,38.0,303,7,2-13,43.29,7.97,32.57,0,0
PLY_0218,2025,Harpreet Brar,7,7,133,22.1,190,10,3-22,19.0,8.57,13.3,0,0
PLY_0221,2019,Harry Gurney,8,8,163,27.1,238,7,2-25,34.0,8.76,23.29,0,0
PLY_0222,2015,Harshal Patel,14,14,263,43.5,328,17,2-23,19.29,7.48,15.47,0,0
PLY_0222,2016,Harshal Patel,5,5,85,14.1,147,1,1-46,147.0,10.38,85.0,0,0
PLY_0222,2017,Harshal Patel,1,1,24,4.0,43,3,3-43,14.33,10.75,8.0,0,0
PLY_0222,2018,Harshal Patel,5,5,105,17.3,167,7,3-28,23.86,9.54,15.0,0,0
PLY_0222,2019,Harshal Patel,2,2,49,8.1,77,2,2-40,38.5,9.43,24.5,0,0
PLY_0222,2020,Harshal Patel,5,5,91,15.1,134,3,2-34,44.67,8.84,30.33,0,0
PLY_0222,2021,Harshal Patel,15,15,345,57.3,459,32,5-27,14.34,7.98,10.78,2,1
PLY_0222,2022,Harshal Patel,15,15,321,53.3,410,19,4-34,21.58,7.66,16.89,1,0
PLY_0222,2023,Harshal Patel,13,13,287,47.5,454,14,3-32,32.43,9.49,20.5,0,0
PLY_0222,2024,Harshal Patel,14,14,296,49.2,477,24,3-31,19.88,9.67,12.33,0,0
PLY_0222,2025,Harshal Patel,13,13,267,44.3,430,16,4-42,26.88,9.66,16.69,2,0
PLY_0223,2022,Harshit Rana,2,2,31,5.1,51,1,1-24,51.0,9.87,31.0,0,0
PLY_0223,2023,Harshit Rana,6,6,103,17.1,147,5,2-33,29.4,8.56,20.6,0,0
PLY_0223,2024,Harshit Rana,11,11,253,42.1,383,19,3-33,20.16,9.08,13.32,0,0
PLY_0223,2025,Harshit Rana,13,13,266,44.2,448,15,3-25,29.87,10.11,17.73,0,0
PLY_0227,2022,Hrithik Shokeen,5,5,90,15.0,127,2,2-47,63.5,8.47,45.0,0,0
PLY_0227,2023,Hrithik Shokeen,8,8,116,19.2,187,3,2-34,62.33,9.67,38.67,0,0
PLY_0228,2015,Imran Tahir,10,10,213,35.3,314,15,4-28,20.93,8.85,14.2,1,0
PLY_0228,2016,Imran Tahir,4,4,96,16.0,138,5,3-24,27.6,8.62,19.2,0,0
PLY_0228,2017,Imran Tahir,12,12,283,47.1,369,18,3-28,20.5,7.82,15.72,0,0
PLY_0228,2018,Imran Tahir,6,6,124,20.4,188,6,2-34,31.33,9.1,20.67,0,0
PLY_0228,2019,Imran Tahir,17,17,386,64.2,431,26,4-27,16.58,6.7,14.85,2,0
PLY_0228,2020,Imran Tahir,3,3,66,11.0,76,1,1-24,76.0,6.91,66.0,0,0
PLY_0228,2021,Imran Tahir,1,1,24,4.0,16,2,2-16,8.0,4.0,12.0,0,0
PLY_0229,2015,Iqbal Abdulla,5,5,114,19.0,150,4,2-36,37.5,7.89,28.5,0,0
PLY_0229,2016,Iqbal Abdulla,8,8,150,25.0,213,6,3-40,35.5,8.52,25.0,0,0
PLY_0229,2017,Iqbal Abdulla,2,2,30,5.0,55,2,2-36,27.5,11.0,15.0,0,0
PLY_0230,2016,Irfan Pathan,3,3,48,8.0,61,0,0-7,,7.62,,0,0
PLY_0230,2017,Irfan Pathan,1,1,12,2.0,26,0,0-26,,13.0,,0,0
PLY_0231,2018,Ish Sodhi,6,6,138,23.0,135,5,1-25,27.0,5.87,27.6,0,0
PLY_0231,2019,Ish Sodhi,2,2,43,7.1,67,4,3-26,16.75,9.35,10.75,0,0
PLY_0232,2025,Ishan Kishan,1,1,1,0.1,4,0,0-4,,24.0,,0,0
PLY_0235,2015,Ishant Sharma,4,4,88,14.4,159,1,1-25,159.0,10.84,88.0,0,0
PLY_0235,2016,Ishant Sharma,4,4,91,15.1,148,3,2-36,49.33,9.76,30.33,0,0
PLY_0235,2017,Ishant Sharma,6,6,109,18.1,179,0,0-16,,9.85,,0,0
PLY_0235,2019,Ishant Sharma,13,13,276,46.0,349,13,3-38,26.85,7.59,21.23,0,0
PLY_0235,2020,Ishant Sharma,1,1,18,3.0,26,0,0-26,,8.67,,0,0
PLY_0235,2021,Ishant Sharma,3,3,72,12.0,97,1,1-26,97.0,8.08,72.0,0,0
PLY_0235,2023,Ishant Sharma,8,8,151,25.1,206,10,2-19,20.6,8.19,15.1,0,0
PLY_0235,2024,Ishant Sharma,9,9,163,27.1,265,10,3-34,26.5,9.75,16.3,0,0
PLY_0235,2025,Ishant Sharma,7,7,110,18.2,205,4,1-27,51.25,11.18,27.5,0,0
PLY_0236,2020,Isuru Udana,10,10,174,29.0,282,8,2-41,35.25,9.72,21.75,0,0
PLY_0237,2025,Karim Janat,1,1,6,1.0,30,0,0-30,,30.0,,0,0
PLY_0244,2015,Jagadeesha Suchith,12,12,234,39.0,337,10,2-14,33.7,8.64,23.4,0,0
PLY_0244,2016,Jagadeesha Suchith,1,1,12,2.0,31,0,0-31,,15.5,,0,0
PLY_0244,2019,Jagadeesha Suchith,1,1,24,4.0,28,2,2-28,14.0,7.0,12.0,0,0
PLY_0244,2021,Jagadeesha Suchith,2,2,42,7.0,66,0,0-21,,9.43,,0,0
PLY_0244,2022,Jagadeesha Suchith,5,5,108,18.0,140,7,2-12,20.0,7.78,15.43,0,0
PLY_0246,2015,James Faulkner,13,13,271,45.1,426,8,3-26,53.25,9.43,33.88,0,0
PLY_0246,2016,James Faulkner,7,7,104,17.2,167,2,1-40,83.5,9.63,52.0,0,0
PLY_0246,2017,James Faulkner,8,9,163,27.1,269,8,2-34,33.62,9.9,20.38,0,0
PLY_0249,2019,James Neesham,2,2,48,8.0,71,2,2-37,35.5,8.88,24.0,0,0
PLY_0249,2020,James Neesham,5,5,90,15.0,148,2,1-40,74.0,9.87,45.0,0,0
PLY_0249,2021,James Neesham,3,3,54,9.0,66,5,3-12,13.2,7.33,10.8,0,0
PLY_0249,2022,James Neesham,1,1,18,3.0,29,0,0-29,,9.67,,0,0
PLY_0250,2020,James Pattinson,10,10,213,35.3,320,11,2-28,29.09,9.01,19.36,0,0
PLY_0251,2025,Jamie Overton,3,3,36,6.0,83,0,0-30,,13.83,,0,0
PLY_0253,2019,Jason Behrendorff,5,5,114,19.0,165,5,2-22,33.0,8.68,22.8,0,0
PLY_0253,2023,Jason Behrendorff,12,12,252,42.0,387,14,3-23,27.64,9.21,18.0,0,0
PLY_0254,2016,Jason Holder,4,4,79,13.1,103,2,2-33,51.5,7.82,39.5,0,0
PLY_0254,2020,Jason Holder,7,7,168,28.0,233,14,3-33,16.64,8.32,12.0,0,0
PLY_0254,2021,Jason Holder,8,8,191,31.5,247,16,4-52,15.44,7.76,11.94,1,0
PLY_0254,2022,Jason Holder,12,12,249,41.3,391,14,3-34,27.93,9.42,17.79,0,0
PLY_0254,2023,Jason Holder,8,8,171,28.3,284,4,2-29,71.0,9.96,42.75,0,0
PLY_0256,2015,Jasprit Bumrah,4,4,91,15.1,184,3,1-38,61.33,12.13,30.33,0,0
PLY_0256,2016,Jasprit Bumrah,14,14,316,52.4,406,15,3-31,27.07,7.71,21.07,0,0
PLY_0256,2017,Jasprit Bumrah,16,17,370,61.4,444,20,3-24,22.2,7.2,18.5,0,0
PLY_0256,2018,Jasprit Bumrah,14,14,326,54.2,372,17,3-15,21.88,6.85,19.18,0,0
PLY_0256,2019,Jasprit Bumrah,16,17,378,63.0,417,20,3-20,20.85,6.62,18.9,0,0
PLY_0256,2020,Jasprit Bumrah,15,17,373,62.1,420,29,4-20,14.48,6.76,12.86,2,0
PLY_0256,2021,Jasprit Bumrah,14,14,335,55.5,410,21,3-43,19.52,7.34,15.95,0,0
PLY_0256,2022,Jasprit Bumrah,14,14,321,53.3,383,15,5-10,25.53,7.16,21.4,1,1
PLY_0256,2024,Jasprit Bumrah,13,13,315,52.3,336,20,5-21,16.8,6.4,15.75,1,1
PLY_0256,2025,Jasprit Bumrah,12,12,284,47.2,316,18,4-22,17.56,6.68,15.78,1,0
PLY_0258,2015,Jayant Yadav,3,3,42,7.0,29,2,1-19,14.5,4.14,21.0,0,0
PLY_0258,2016,Jayant Yadav,5,5,102,17.0,125,2,1-23,62.5,7.35,51.0,0,0
PLY_0258,2017,Jayant Yadav,2,2,37,6.1,42,0,0-16,,6.81,,0,0
PLY_0258,2019,Jayant Yadav,2,2,43,7.1,50,1,1-25,50.0,6.98,43.0,0,0
PLY_0258,2020,Jayant Yadav,2,2,42,7.0,43,1,1-25,43.0,6.14,42.0,0,0
PLY_0258,2021,Jayant Yadav,5,5,102,17.0,130,2,1-25,65.0,7.65,51.0,0,0
PLY_0258,2023,Jayant Yadav,1,1,24,4.0,26,0,0-26,,6.5,,0,0
PLY_0259,2015,Jaydev Unadkat,1,1,18,3.0,30,0,0-30,,10.0,,0,0
PLY_0259,2016,Jaydev Unadkat,1,1,18,3.0,49,0,0-49,,16.33,,0,0
PLY_0259,2017,Jaydev Unadkat,12,12,275,45.5,322,24,5-30,13.42,7.03,11.46,1,1
PLY_0259,2018,Jaydev Unadkat,15,15,303,50.3,486,11,3-46,44.18,9.62,27.55,0,0
PLY_0259,2019,Jaydev Unadkat,11,11,224,37.2,398,10,2-26,39.8,10.66,22.4,0,0
PLY_0259,2020,Jaydev Unadkat,7,7,138,23.0,228,4,2-32,57.0,9.91,34.5,0,0
PLY_0259,2021,Jaydev Unadkat,6,6,132,22.0,168,4,3-15,42.0,7.64,33.0,0,0
PLY_0259,2022,Jaydev Unadkat,5,5,120,20.0,190,6,2-32,31.67,9.5,20.0,0,0
PLY_0259,2023,Jaydev Unadkat,3,3,48,8.0,92,0,0-39,,11.5,,0,0
PLY_0259,2024,Jaydev Unadkat,11,11,187,31.1,319,8,3-30,39.88,10.24,23.38,0,0
PLY_0259,2025,Jaydev Unadkat,7,7,143,23.5,175,11,3-35,15.91,7.34,13.0,0,0
PLY_0262,2021,Jhye Richardson,3,3,66,11.0,117,3,2-41,39.0,10.64,22.0,0,0
PLY_0262,2024,Jhye Richardson,1,1,24,4.0,40,0,0-40,,10.0,,0,0
PLY_0265,2015,Joe Denly,9,9,102,17.0,126,8,4-17,15.75,7.41,12.75,1,0
PLY_0265,2016,Joe Denly,5,5,42,7.0,55,2,1-4,27.5,7.86,21.0,0,0
PLY_0265,2018,Joe Denly,2,2,18,3.0,36,0,0-28,,12.0,,0,0
PLY_0266,2023,Joe Root,1,1,12,2.0,14,0,0-14,,7.0,,0,0
PLY_0267,2018,Jofra Archer,10,10,235,39.1,325,15,3-22,21.67,8.3,15.67,0,0
PLY_0267,2019,Jofra Archer,11,11,260,43.2,291,11,3-39,26.45,6.72,23.64,0,0
PLY_0267,2020,Jofra Archer,14,14,336,56.0,365,20,3-24,18.25,6.52,16.8,0,0
PLY_0267,2023,Jofra Archer,5,5,122,20.2,190,2,1-42,95.0,9.34,61.0,0,0
PLY_0267,2025,Jofra Archer,12,12,275,45.5,431,11,3-25,39.18,9.4,25.0,0,0
PLY_0269,2015,Johan Botha,4,4,60,10.0,81,1,1-32,81.0,8.1,60.0,0,0
PLY_0273,2020,Josh Hazlewood,3,3,60,10.0,64,1,1-19,64.0,6.4,60.0,0,0
PLY_0273,2021,Josh Hazlewood,9,9,210,35.0,293,11,3-24,26.64,8.37,19.09,0,0
PLY_0273,2022,Josh Hazlewood,12,12,279,46.3,377,20,4-25,18.85,8.11,13.95,1,0
PLY_0273,2023,Josh Hazlewood,3,3,56,9.2,76,3,2-15,25.33,8.14,18.67,0,0
PLY_0273,2025,Josh Hazlewood,12,12,264,44.0,386,22,4-33,17.55,8.77,12.0,1,0
PLY_0279,2015,KC Cariappa,1,1,12,2.0,28,1,1-28,28.0,14.0,12.0,0,0
PLY_0279,2016,KC Cariappa,5,5,103,17.1,159,3,2-16,53.0,9.26,34.33,0,0
PLY_0279,2017,KC Cariappa,4,4,91,15.1,127,4,2-24,31.75,8.37,22.75,0,0
PLY_0279,2019,KC Cariappa,1,1,12,2.0,34,0,0-34,,17.0,,0,0
PLY_0282,2017,Kagiso Rabada,6,6,130,21.4,188,6,2-20,31.33,8.68,21.67,0,0
PLY_0282,2019,Kagiso Rabada,12,13,288,48.0,375,26,4-21,14.42,7.81,11.08,2,0
PLY_0282,2020,Kagiso Rabada,17,18,399,66.3,550,32,4-24,17.19,8.27,12.47,2,0
PLY_0282,2021,Kagiso Rabada,15,15,339,56.3,456,15,3-36,30.4,8.07,22.6,0,0
PLY_0282,2022,Kagiso Rabada,13,13,291,48.3,406,23,4-38,17.65,8.37,12.65,2,0
PLY_0282,2023,Kagiso Rabada,6,6,141,23.3,232,7,2-34,33.14,9.87,20.14,0,0
PLY_0282,2024,Kagiso Rabada,11,11,252,42.0,372,11,2-23,33.82,8.86,22.91,0,0
PLY_0282,2025,Kagiso Rabada,4,4,84,14.0,162,2,1-41,81.0,11.57,42.0,0,0
PLY_0283,2025,Kamindu Mendis,4,4,42,7.0,60,2,1-4,30.0,8.57,21.0,0,0
PLY_0284,2020,Kamlesh Nagarkoti,9,9,156,26.0,231,5,2-13,46.2,8.88,31.2,0,0
PLY_0284,2021,Kamlesh Nagarkoti,1,1,12,2.0,25,0,0-25,,12.5,,0,0
PLY_0284,2022,Kamlesh Nagarkoti,1,1,12,2.0,29,0,0-29,,14.5,,0,0
PLY_0287,2016,Kane Richardson,4,4,84,14.0,136,7,3-13,19.43,9.71,12.0,0,0
PLY_0287,2021,Kane Richardson,1,1,18,3.0,29,1,1-29,29.0,9.67,18.0,0,0
PLY_0288,2016,Kane Williamson,1,1,6,1.0,7,0,0-7,,7.0,,0,0
PLY_0288,2020,Kane Williamson,1,1,12,2.0,24,0,0-24,,12.0,,0,0
PLY_0291,2015,Karanveer Singh,4,4,84,14.0,157,1,1-30,157.0,11.21,84.0,0,0
PLY_0291,2017,Karanveer Singh,2,2,24,4.0,15,1,1-7,15.0,3.75,24.0,0,0
PLY_0292,2015,Karn Sharma,14,14,239,39.5,332,10,2-29,33.2,8.33,23.9,0,0
PLY_0292,2016,Karn Sharma,5,5,98,16.2,171,0,0-57,,10.47,,0,0
PLY_0292,2017,Karn Sharma,9,9,184,30.4,214,13,4-16,16.46,6.98,14.15,1,0
PLY_0292,2018,Karn Sharma,5,5,57,9.3,89,4,2-13,22.25,9.37,14.25,0,0
PLY_0292,2019,Karn Sharma,1,1,17,2.5,33,1,1-33,33.0,11.65,17.0,0,0
PLY_0292,2020,Karn Sharma,5,5,114,19.0,165,5,2-25,33.0,8.68,22.8,0,0
PLY_0292,2023,Karn Sharma,7,7,129,21.3,223,10,2-32,22.3,10.37,12.9,0,0
PLY_0292,2024,Karn Sharma,9,9,144,24.0,254,7,2-29,36.29,10.58,20.57,0,0
PLY_0292,2025,Karn Sharma,5,5,90,15.0,128,7,3-36,18.29,8.53,12.86,0,0
PLY_0293,2020,Kartik Tyagi,10,10,230,38.2,367,9,2-36,40.78,9.57,25.56,0,0
PLY_0293,2021,Kartik Tyagi,4,4,85,14.1,124,4,2-29,31.0,8.75,21.25,0,0
PLY_0293,2022,Kartik Tyagi,2,2,50,8.2,79,1,1-42,79.0,9.48,50.0,0,0
PLY_0293,2023,Kartik Tyagi,3,3,41,6.5,92,1,1-30,92.0,13.46,41.0,0,0
PLY_0293,2024,Kartik Tyagi,1,1,24,4.0,51,0,0-51,,12.75,,0,0
PLY_0296,2019,Keemo Paul,8,8,230,38.2,316,14,3-17,22.57,8.24,16.43,0,0
PLY_0298,2024,Keshav Maharaj,2,2,36,6.0,39,2,2-23,19.5,6.5,18.0,0,0
PLY_0301,2018,Khaleel Ahmed,1,1,18,3.0,38,0,0-38,,12.67,,0,0
PLY_0301,2019,Khaleel Ahmed,9,9,209,34.5,287,20,3-30,14.35,8.24,10.45,0,0
PLY_0301,2020,Khaleel Ahmed,7,7,154,25.4,242,8,2-37,30.25,9.43,19.25,0,0
PLY_0301,2021,Khaleel Ahmed,7,7,163,27.1,219,5,3-21,43.8,8.06,32.6,0,0
PLY_0301,2022,Khaleel Ahmed,10,10,236,39.2,315,16,3-25,19.69,8.01,14.75,0,0
PLY_0301,2023,Khaleel Ahmed,9,9,200,33.2,301,9,2-30,33.44,9.03,22.22,0,0
PLY_0301,2024,Khaleel Ahmed,14,14,301,50.1,479,17,2-43,28.18,9.55,17.71,0,0
PLY_0301,2025,Khaleel Ahmed,14,14,283,47.1,447,15,3-29,29.8,9.48,18.87,0,0
PLY_0302,2015,Kieron Pollard,8,8,77,12.5,120,3,1-26,40.0,9.35,25.67,0,0
PLY_0302,2016,Kieron Pollard,4,4,36,6.0,81,0,0-11,,13.5,,0,0
PLY_0302,2017,Kieron Pollard,1,1,11,1.5,30,0,0-30,,16.36,,0,0
PLY_0302,2020,Kieron Pollard,11,11,126,21.0,190,4,1-5,47.5,9.05,31.5,0,0
PLY_0302,2021,Kieron Pollard,9,9,80,13.2,95,5,2-12,19.0,7.12,16.0,0,0
PLY_0302,2022,Kieron Pollard,6,6,84,14.0,125,4,2-8,31.25,8.93,21.0,0,0
PLY_0304,2018,Krishnappa Gowtham,15,15,240,40.0,312,11,2-23,28.36,7.8,21.82,0,0
PLY_0304,2019,Krishnappa Gowtham,7,7,120,20.0,166,1,1-32,166.0,8.3,120.0,0,0
PLY_0304,2020,Krishnappa Gowtham,2,2,48,8.0,84,1,1-45,84.0,10.5,48.0,0,0
PLY_0304,2022,Krishnappa Gowtham,4,4,72,12.0,99,5,2-30,19.8,8.25,14.4,0,0
PLY_0304,2023,Krishnappa Gowtham,6,6,96,16.0,118,3,1-31,39.33,7.38,32.0,0,0
PLY_0304,2024,Krishnappa Gowtham,1,1,12,2.0,29,0,0-29,,14.5,,0,0
PLY_0305,2016,Krunal Pandya,11,11,187,31.1,236,6,2-27,39.33,7.57,31.17,0,0
PLY_0305,2017,Krunal Pandya,13,13,241,40.1,273,10,3-24,27.3,6.8,24.1,0,0
PLY_0305,2018,Krunal Pandya,13,13,241,40.1,284,12,3-28,23.67,7.07,20.08,0,0
PLY_0305,2019,Krunal Pandya,16,16,276,46.0,335,12,3-34,27.92,7.28,23.0,0,0
PLY_0305,2020,Krunal Pandya,16,16,301,50.1,380,6,2-26,63.33,7.57,50.17,0,0
PLY_0305,2021,Krunal Pandya,12,12,201,33.3,265,5,1-25,53.0,7.91,40.2,0,0
PLY_0305,2022,Krunal Pandya,12,12,228,38.0,265,10,3-19,26.5,6.97,22.8,0,0
PLY_0305,2023,Krunal Pandya,12,12,252,42.0,313,9,3-18,34.78,7.45,28.0,0,0
PLY_0305,2024,Krunal Pandya,12,12,198,33.0,255,6,3-11,42.5,7.73,33.0,0,0
PLY_0305,2025,Krunal Pandya,15,15,276,46.0,379,17,4-45,22.29,8.24,16.24,1,0
PLY_0306,2016,Kuldeep Yadav,3,3,72,12.0,100,6,3-35,16.67,8.33,12.0,0,0
PLY_0306,2017,Kuldeep Yadav,11,11,246,41.0,340,12,2-25,28.33,8.29,20.5,0,0
PLY_0306,2018,Kuldeep Yadav,16,16,308,51.2,418,17,4-20,24.59,8.14,18.12,1,0
PLY_0306,2019,Kuldeep Yadav,9,9,198,33.0,286,4,2-41,71.5,8.67,49.5,0,0
PLY_0306,2020,Kuldeep Yadav,4,4,73,12.1,92,1,1-20,92.0,7.56,73.0,0,0
PLY_0306,2022,Kuldeep Yadav,14,14,298,49.4,419,21,4-35,19.95,8.44,14.19,2,0
PLY_0306,2023,Kuldeep Yadav,14,14,294,49.0,361,10,2-23,36.1,7.37,29.4,0,0
PLY_0306,2024,Kuldeep Yadav,11,11,259,43.1,372,16,4-55,23.25,8.62,16.19,1,0
PLY_0306,2025,Kuldeep Yadav,14,14,319,53.1,390,15,3-22,26.0,7.34,21.27,0,0
PLY_0307,2021,Kuldip Yadav,1,1,12,2.0,16,0,0-16,,8.0,,0,0
PLY_0307,2023,Kuldip Yadav,2,2,42,7.0,68,2,1-18,34.0,9.71,21.0,0,0
PLY_0313,2024,Kwena Maphaka,2,2,36,6.0,89,1,1-23,89.0,14.83,36.0,0,0
PLY_0313,2025,Kwena Maphaka,2,2,30,5.0,54,1,1-32,54.0,10.8,30.0,0,0
PLY_0314,2016,Kyle Abbott,5,5,97,16.1,177,2,1-38,88.5,10.95,48.5,0,0
PLY_0315,2021,Kyle Jamieson,9,9,171,28.3,269,9,3-41,29.89,9.44,19.0,0,0
PLY_0315,2025,Kyle Jamieson,4,4,90,15.0,147,5,3-48,29.4,9.8,18.0,0,0
PLY_0316,2023,Kyle Mayers,6,6,44,7.2,59,0,0-7,,8.05,,0,0
PLY_0319,2021,Lalit Yadav,5,5,84,14.0,101,4,2-13,25.25,7.21,21.0,0,0
PLY_0319,2022,Lalit Yadav,8,8,109,18.1,150,4,2-11,37.5,8.26,27.25,0,0
PLY_0319,2023,Lalit Yadav,4,4,78,13.0,118,2,1-29,59.0,9.08,39.0,0,0
PLY_0319,2024,Lalit Yadav,2,2,18,3.0,56,0,0-15,,18.67,,0,0
PLY_0320,2015,Lasith Malinga,15,15,364,60.4,444,24,4-23,18.5,7.32,15.17,1,0
PLY_0320,2017,Lasith Malinga,12,12,271,45.1,382,11,2-36,34.73,8.46,24.64,0,0
PLY_0320,2019,Lasith Malinga,12,12,271,45.1,438,16,4-31,27.38,9.7,16.94,2,0
PLY_0324,2019,Liam Livingstone,1,1,6,1.0,13,0,0-13,,13.0,,0,0
PLY_0324,2022,Liam Livingstone,12,12,138,23.0,202,6,3-27,33.67,8.78,23.0,0,0
PLY_0324,2023,Liam Livingstone,5,5,42,7.0,94,2,1-23,47.0,13.43,21.0,0,0
PLY_0324,2024,Liam Livingstone,4,4,72,12.0,84,3,2-19,28.0,7.0,24.0,0,0
PLY_0324,2025,Liam Livingstone,5,5,54,9.0,76,2,2-28,38.0,8.44,27.0,0,0
PLY_0325,2018,Liam Plunkett,7,7,150,25.0,225,4,3-17,56.25,9.0,37.5,0,0
PLY_0325,2023,Liam Plunkett,10,10,204,34.0,294,7,2-25,42.0,8.65,29.14,0,0
PLY_0325,2024,Liam Plunkett,1,1,24,4.0,45,4,4-45,11.25,11.25,6.0,1,0
PLY_0327,2024,Lizaad Williams,2,2,38,6.2,72,1,1-38,72.0,11.37,38.0,0,0
PLY_0328,2017,Lockie Ferguson,4,4,78,13.0,93,3,2-7,31.0,7.15,26.0,0,0
PLY_0328,2019,Lockie Ferguson,5,5,102,17.0,183,2,1-42,91.5,10.76,51.0,0,0
PLY_0328,2020,Lockie Ferguson,5,6,123,20.3,150,8,3-15,18.75,7.32,15.38,0,0
PLY_0328,2021,Lockie Ferguson,8,8,182,30.2,224,13,3-18,17.23,7.38,14.0,0,0
PLY_0328,2022,Lockie Ferguson,13,13,287,47.5,427,12,4-28,35.58,8.93,23.92,1,0
PLY_0328,2023,Lockie Ferguson,3,3,48,8.0,96,1,1-19,96.0,12.0,48.0,0,0
PLY_0328,2024,Lockie Ferguson,7,7,147,24.3,255,9,2-52,28.33,10.41,16.33,0,0
PLY_0328,2025,Lockie Ferguson,4,4,68,11.2,104,5,2-37,20.8,9.18,13.6,0,0
PLY_0331,2024,Luke Wood,2,2,37,6.1,93,1,1-68,93.0,15.08,37.0,0,0
PLY_0335,2025,Madhav Tiwari,1,1,6,1.0,14,0,0-14,,14.0,,0,0
PLY_0336,2022,Maheesh Theekshana,9,9,210,35.0,261,12,4-33,21.75,7.46,17.5,1,0
PLY_0336,2023,Maheesh Theekshana,13,13,294,49.0,392,11,2-32,35.64,8.0,26.73,0,0
PLY_0336,2024,Maheesh Theekshana,5,5,120,20.0,144,2,1-27,72.0,7.2,60.0,0,0
PLY_0336,2025,Maheesh Theekshana,11,11,254,42.2,410,11,2-52,37.27,9.69,23.09,0,0
PLY_0339,2018,Mahipal Lomror,2,2,18,3.0,27,0,0-8,,9.0,,0,0
PLY_0339,2021,Mahipal Lomror,4,4,42,7.0,47,1,1-22,47.0,6.71,42.0,0,0
PLY_0339,2022,Mahipal Lomror,2,2,12,2.0,18,0,0-7,,9.0,,0,0
PLY_0339,2023,Mahipal Lomror,2,2,12,2.0,17,0,0-4,,8.5,,0,0
PLY_0339,2024,Mahipal Lomror,1,1,6,1.0,18,0,0-18,,18.0,,0,0
PLY_0342,2024,Manav Suthar,1,1,12,2.0,26,0,0-26,,13.0,,0,0
PLY_0343,2019,Mandeep Singh,2,2,12,2.0,26,0,0-18,,13.0,,0,0
PLY_0346,2018,Manoj Tiwary,1,1,6,1.0,10,0,0-10,,10.0,,0,0
PLY_0347,2017,Manpreet Gony,1,1,12,2.0,32,0,0-32,,16.0,,0,0
PLY_0350,2015,Marchant de Lange,1,1,24,4.0,30,0,0-30,,7.5,,0,0
PLY_0351,2021,Marco Jansen,2,2,37,6.1,45,2,2-28,22.5,7.3,18.5,0,0
PLY_0351,2022,Marco Jansen,8,8,192,32.0,274,7,3-25,39.14,8.56,27.43,0,0
PLY_0351,2023,Marco Jansen,8,8,167,27.5,267,10,2-16,26.7,9.59,16.7,0,0
PLY_0351,2024,Marco Jansen,3,3,62,10.2,129,1,1-45,129.0,12.48,62.0,0,0
PLY_0351,2025,Marco Jansen,14,14,285,47.3,434,16,3-17,27.12,9.14,17.81,0,0
PLY_0352,2016,Marcus Stoinis,7,7,138,23.0,194,8,4-15,24.25,8.43,17.25,1,0
PLY_0352,2017,Marcus Stoinis,5,5,63,10.3,110,2,1-28,55.0,10.48,31.5,0,0
PLY_0352,2018,Marcus Stoinis,6,6,66,11.0,120,3,1-37,40.0,10.91,22.0,0,0
PLY_0352,2019,Marcus Stoinis,6,6,100,16.4,145,2,1-32,72.5,8.7,50.0,0,0
PLY_0352,2020,Marcus Stoinis,13,13,178,29.4,283,13,3-26,21.77,9.54,13.69,0,0
PLY_0352,2021,Marcus Stoinis,8,8,68,11.2,117,2,1-20,58.5,10.32,34.0,0,0
PLY_0352,2022,Marcus Stoinis,5,5,42,7.0,79,4,3-23,19.75,11.29,10.5,0,0
PLY_0352,2023,Marcus Stoinis,5,5,65,10.5,100,5,2-28,20.0,9.23,13.0,0,0
PLY_0352,2024,Marcus Stoinis,7,7,84,14.0,126,4,1-9,31.5,9.0,21.0,0,0
PLY_0352,2025,Marcus Stoinis,9,9,86,14.2,175,1,1-14,175.0,12.21,86.0,0,0
PLY_0354,2018,Mark Wood,1,1,24,4.0,49,0,0-49,,12.25,,0,0
PLY_0354,2023,Mark Wood,4,4,97,16.1,130,11,5-14,11.82,8.04,8.82,1,1
PLY_0354,2025,Mark Wood,3,3,62,10.2,132,6,3-27,22.0,12.77,10.33,0,0
PLY_0355,2017,Marlon Samuels,2,2,18,3.0,34,0,0-22,,11.33,,0,0
PLY_0360,2023,Matthew Short,3,3,24,4.0,25,0,0-8,,6.25,,0,0
PLY_0362,2023,Mayank Agarwal,3,3,66,11.0,83,1,1-37,83.0,7.55,66.0,0,0
PLY_0362,2024,Mayank Agarwal,5,5,71,11.5,120,1,1-23,120.0,10.14,71.0,0,0
PLY_0363,2018,Mayank Markande,14,14,264,44.0,368,15,4-23,24.53,8.36,17.6,1,0
PLY_0363,2019,Mayank Markande,3,3,36,6.0,59,1,1-23,59.0,9.83,36.0,0,0
PLY_0363,2021,Mayank Markande,1,1,18,3.0,26,0,0-26,,8.67,,0,0
PLY_0363,2022,Mayank Markande,2,2,42,7.0,57,1,1-26,57.0,8.14,42.0,0,0
PLY_0363,2023,Mayank Markande,10,10,228,38.0,300,12,4-15,25.0,7.89,19.0,1,0
PLY_0363,2024,Mayank Markande,7,7,133,22.1,259,8,2-39,32.38,11.68,16.62,0,0
PLY_0364,2023,Michael Bracewell,5,5,66,11.0,95,6,2-16,15.83,8.64,11.0,0,0
PLY_0370,2015,Mitchell Johnson,9,10,220,36.4,342,10,2-34,34.2,9.33,22.0,0,0
PLY_0370,2016,Mitchell Johnson,3,3,67,11.1,106,2,1-35,53.0,9.49,33.5,0,0
PLY_0370,2017,Mitchell Johnson,5,5,120,20.0,141,7,3-26,20.14,7.05,17.14,0,0
PLY_0370,2018,Mitchell Johnson,6,6,126,21.0,216,2,1-30,108.0,10.29,63.0,0,0
PLY_0371,2016,Mitchell Marsh,3,3,54,9.0,45,4,2-21,11.25,5.0,13.5,0,0
PLY_0371,2020,Mitchell Marsh,1,1,4,0.4,6,0,0-6,,9.0,,0,0
PLY_0371,2022,Mitchell Marsh,4,4,72,12.0,102,4,2-25,25.5,8.5,18.0,0,0
PLY_0371,2023,Mitchell Marsh,8,8,122,20.2,170,12,4-27,14.17,8.36,10.17,1,0
PLY_0371,2024,Mitchell Marsh,3,3,48,8.0,103,1,1-37,103.0,12.88,48.0,0,0
PLY_0372,2015,Mitchell McClenaghan,12,12,284,47.2,386,18,3-20,21.44,8.15,15.78,0,0
PLY_0372,2016,Mitchell McClenaghan,14,14,321,53.3,436,17,4-21,25.65,8.15,18.88,1,0
PLY_0372,2017,Mitchell McClenaghan,14,14,329,54.5,507,19,3-24,26.68,9.25,17.32,0,0
PLY_0372,2018,Mitchell McClenaghan,11,11,241,40.1,332,14,2-24,23.71,8.27,17.21,0,0
PLY_0372,2019,Mitchell McClenaghan,5,5,108,18.0,142,3,3-40,47.33,7.89,36.0,0,0
PLY_0373,2019,Mitchell Santner,4,4,85,14.1,94,4,2-13,23.5,6.64,21.25,0,0
PLY_0373,2020,Mitchell Santner,2,2,42,7.0,53,2,1-30,26.5,7.57,21.0,0,0
PLY_0373,2022,Mitchell Santner,6,6,114,19.0,130,4,1-31,32.5,6.84,28.5,0,0
PLY_0373,2023,Mitchell Santner,3,3,72,12.0,81,3,2-28,27.0,6.75,24.0,0,0
PLY_0373,2024,Mitchell Santner,3,3,54,9.0,64,2,1-10,32.0,7.11,27.0,0,0
PLY_0373,2025,Mitchell Santner,13,13,237,39.3,313,10,3-11,31.3,7.92,23.7,0,0
PLY_0374,2015,Mitchell Starc,12,12,259,43.1,291,20,4-15,14.55,6.74,12.95,1,0
PLY_0374,2024,Mitchell Starc,13,13,251,41.5,444,17,4-33,26.12,10.61,14.76,1,0
PLY_0374,2025,Mitchell Starc,11,12,237,39.3,400,14,5-35,28.57,10.13,16.93,1,1
PLY_0376,2018,Moeen Ali,5,5,79,13.1,97,3,1-25,32.33,7.37,26.33,0,0
PLY_0376,2019,Moeen Ali,9,9,150,25.0,169,6,2-18,28.17,6.76,25.0,0,0
PLY_0376,2020,Moeen Ali,3,3,30,5.0,42,1,1-21,42.0,8.4,30.0,0,0
PLY_0376,2021,Moeen Ali,10,10,153,25.3,161,6,3-7,26.83,6.31,25.5,0,0
PLY_0376,2022,Moeen Ali,10,10,143,23.5,158,8,3-13,19.75,6.63,17.88,0,0
PLY_0376,2023,Moeen Ali,11,11,156,26.0,195,9,4-26,21.67,7.5,17.33,1,0
PLY_0376,2024,Moeen Ali,4,4,48,8.0,71,2,2-23,35.5,8.88,24.0,0,0
PLY_0376,2025,Moeen Ali,5,5,96,16.0,136,6,2-23,22.67,8.5,16.0,0,0
PLY_0381,2017,Mohammad Nabi,3,3,66,11.0,58,2,1-28,29.0,5.27,33.0,0,0
PLY_0381,2018,Mohammad Nabi,2,2,30,5.0,47,1,1-23,47.0,9.4,30.0,0,0
PLY_0381,2019,Mohammad Nabi,8,8,175,29.1,194,8,4-11,24.25,6.65,21.88,1,0
PLY_0381,2020,Mohammad Nabi,1,1,24,4.0,23,0,0-23,,5.75,,0,0
PLY_0381,2021,Mohammad Nabi,3,3,48,8.0,86,2,2-32,43.0,10.75,24.0,0,0
PLY_0381,2024,Mohammad Nabi,6,6,74,12.2,109,2,1-20,54.5,8.84,37.0,0,0
PLY_0382,2016,Mohammad Shami,8,8,152,25.2,244,5,2-34,48.8,9.63,30.4,0,0
PLY_0382,2017,Mohammad Shami,8,8,156,26.0,243,5,2-36,48.6,9.35,31.2,0,0
PLY_0382,2018,Mohammad Shami,4,4,83,13.5,144,3,1-29,48.0,10.41,27.67,0,0
PLY_0382,2019,Mohammad Shami,14,14,325,54.1,469,19,3-21,24.68,8.66,17.11,0,0
PLY_0382,2020,Mohammad Shami,14,16,331,55.1,468,20,3-15,23.4,8.48,16.55,0,0
PLY_0382,2021,Mohammad Shami,14,14,318,53.0,395,19,3-39,20.79,7.45,16.74,0,0
PLY_0382,2022,Mohammad Shami,16,16,366,61.0,488,20,3-25,24.4,8.0,18.3,0,0
PLY_0382,2023,Mohammad Shami,17,17,392,65.2,522,28,4-11,18.64,7.99,14.0,2,0
PLY_0382,2025,Mohammad Shami,9,9,181,30.1,337,6,2-28,56.17,11.17,30.17,0,0
PLY_0383,2017,Mohammed Siraj,6,6,138,23.0,212,10,4-32,21.2,9.22,13.8,1,0
PLY_0383,2018,Mohammed Siraj,11,11,246,41.0,367,11,3-25,33.36,8.95,22.36,0,0
PLY_0383,2019,Mohammed Siraj,9,9,171,28.3,269,7,2-38,38.43,9.44,24.43,0,0
PLY_0383,2020,Mohammed Siraj,9,9,164,27.2,236,11,3-8,21.45,8.63,14.91,0,0
PLY_0383,2021,Mohammed Siraj,15,15,312,52.0,353,11,3-27,32.09,6.79,28.36,0,0
PLY_0383,2022,Mohammed Siraj,15,15,309,51.3,514,9,2-59,57.11,9.98,34.33,0,0
PLY_0383,2023,Mohammed Siraj,14,14,302,50.2,375,19,4-21,19.74,7.45,15.89,1,0
PLY_0383,2024,Mohammed Siraj,14,14,324,54.0,496,15,3-43,33.07,9.19,21.6,0,0
PLY_0383,2025,Mohammed Siraj,15,15,342,57.0,527,16,4-17,32.94,9.25,21.38,1,0
PLY_0385,2023,Mohit Rathee,1,1,12,2.0,29,0,0-29,,14.5,,0,0
PLY_0386,2015,Mohit Sharma,16,16,344,57.2,481,14,3-25,34.36,8.39,24.57,0,0
PLY_0386,2016,Mohit Sharma,14,14,291,48.3,407,13,3-23,31.31,8.39,22.38,0,0
PLY_0386,2017,Mohit Sharma,14,14,275,45.5,410,13,2-25,31.54,8.95,21.15,0,0
PLY_0386,2018,Mohit Sharma,9,9,180,30.0,322,7,2-33,46.0,10.73,25.71,0,0
PLY_0386,2019,Mohit Sharma,1,1,18,3.0,27,1,1-27,27.0,9.0,18.0,0,0
PLY_0386,2020,Mohit Sharma,1,1,25,4.1,45,1,1-45,45.0,10.8,25.0,0,0
PLY_0386,2023,Mohit Sharma,14,14,265,44.1,361,27,5-10,13.37,8.17,9.81,3,1
PLY_0386,2024,Mohit Sharma,11,11,235,39.1,425,13,3-25,32.69,10.85,18.08,0,0
PLY_0386,2025,Mohit Sharma,8,8,153,25.3,257,2,1-25,128.5,10.08,76.5,0,0
PLY_0388,2022,Mohsin Khan,9,9,198,33.0,197,14,4-16,14.07,5.97,14.14,1,0
PLY_0388,2023,Mohsin Khan,4,4,60,10.0,107,3,1-42,35.67,10.7,20.0,0,0
PLY_0388,2024,Mohsin Khan,10,10,228,38.0,385,10,2-34,38.5,10.13,22.8,0,0
PLY_0389,2015,Moises Henriques,9,9,150,25.0,158,11,3-16,14.36,6.32,13.64,0,0
PLY_0389,2016,Moises Henriques,17,17,312,52.0,415,12,2-33,34.58,7.98,26.0,0,0
PLY_0389,2017,Moises Henriques,12,12,145,24.1,248,1,1-6,248.0,10.26,145.0,0,0
PLY_0389,2021,Moises Henriques,5,5,60,10.0,45,4,3-12,11.25,4.5,15.0,0,0
PLY_0390,2015,Morne Morkel,7,7,169,28.1,206,10,2-18,20.6,7.31,16.9,0,0
PLY_0390,2016,Morne Morkel,10,10,215,35.5,297,10,2-35,29.7,8.29,21.5,0,0
PLY_0391,2018,Mujeeb Ur Rahman,11,11,248,41.2,289,14,3-27,20.64,6.99,17.71,0,0
PLY_0391,2019,Mujeeb Ur Rahman,5,5,114,19.0,191,3,2-31,63.67,10.05,38.0,0,0
PLY_0391,2020,Mujeeb Ur Rahman,2,2,48,8.0,83,0,0-44,,10.38,,0,0
PLY_0391,2021,Mujeeb Ur Rahman,1,1,24,4.0,29,2,2-29,14.5,7.25,12.0,0,0
PLY_0391,2025,Mujeeb Ur Rahman,1,1,12,2.0,28,1,1-28,28.0,14.0,12.0,0,0
PLY_0392,2022,Mukesh Choudhary,13,13,273,45.3,424,16,4-46,26.5,9.32,17.06,1,0
PLY_0392,2024,Mukesh Choudhary,1,1,7,1.1,27,0,0-27,,23.14,,0,0
PLY_0392,2025,Mukesh Choudhary,2,2,36,6.0,71,1,1-21,71.0,11.83,36.0,0,0
PLY_0393,2020,Mukesh Kumar,1,1,13,2.1,20,0,0-20,,9.23,,0,0
PLY_0393,2023,Mukesh Kumar,10,10,187,31.1,326,7,2-36,46.57,10.46,26.71,0,0
PLY_0393,2024,Mukesh Kumar,10,10,216,36.0,368,17,3-21,21.65,10.22,12.71,0,0
PLY_0393,2025,Mukesh Kumar,12,12,239,39.5,408,12,4-33,34.0,10.24,19.92,1,0
PLY_0394,2017,Munaf Patel,2,2,42,7.0,57,1,1-35,57.0,8.14,42.0,0,0
PLY_0396,2015,Murali Vijay,2,2,24,4.0,28,0,0-16,,7.0,,0,0
PLY_0396,2016,Murali Vijay,1,1,6,1.0,8,0,0-8,,8.0,,0,0
PLY_0397,2015,Murugan Ashwin,6,6,84,14.0,101,4,2-18,25.25,7.21,21.0,0,0
PLY_0397,2016,Murugan Ashwin,10,10,171,28.3,241,7,3-36,34.43,8.46,24.43,0,0
PLY_0397,2018,Murugan Ashwin,2,2,42,7.0,53,3,2-36,17.67,7.57,14.0,0,0
PLY_0397,2019,Murugan Ashwin,10,10,205,34.1,255,5,2-25,51.0,7.46,41.0,0,0
PLY_0397,2020,Murugan Ashwin,9,9,189,31.3,235,10,3-21,23.5,7.46,18.9,0,0
PLY_0397,2021,Murugan Ashwin,3,3,67,11.1,97,1,1-32,97.0,8.69,67.0,0,0
PLY_0397,2022,Murugan Ashwin,8,8,252,42.0,330,14,2-14,23.57,7.86,18.0,0,0
PLY_0397,2023,Murugan Ashwin,8,8,181,30.1,280,5,2-37,56.0,9.28,36.2,0,0
PLY_0397,2025,Murugan Ashwin,4,4,48,8.0,78,2,1-21,39.0,9.75,24.0,0,0
PLY_0399,2016,Mustafizur Rahman,16,16,366,61.0,421,17,3-16,24.76,6.9,21.53,0,0
PLY_0399,2017,Mustafizur Rahman,1,1,16,2.4,34,0,0-34,,12.75,,0,0
PLY_0399,2018,Mustafizur Rahman,7,7,167,27.5,230,7,3-24,32.86,8.26,23.86,0,0
PLY_0399,2021,Mustafizur Rahman,14,14,313,52.1,436,14,3-20,31.14,8.36,22.36,0,0
PLY_0399,2022,Mustafizur Rahman,8,8,192,32.0,244,8,3-23,30.5,7.62,24.0,0,0
PLY_0399,2023,Mustafizur Rahman,2,2,42,7.0,79,1,1-38,79.0,11.29,42.0,0,0
PLY_0399,2024,Mustafizur Rahman,9,9,210,35.0,318,14,4-29,22.71,9.09,15.0,1,0
PLY_0399,2025,Mustafizur Rahman,3,3,66,11.0,87,4,3-33,21.75,7.91,16.5,0,0
PLY_0402,2024,Naman Dhir,3,3,28,4.4,55,0,0-13,,11.79,,0,0
PLY_0402,2025,Naman Dhir,2,2,24,4.0,21,0,0-12,,5.25,,0,0
PLY_0405,2015,Nathan Coulter-Nile,11,11,256,42.4,321,15,4-20,21.4,7.52,17.07,1,0
PLY_0405,2016,Nathan Coulter-Nile,4,4,92,15.2,114,3,2-25,38.0,7.43,30.67,0,0
PLY_0405,2017,Nathan Coulter-Nile,8,8,173,28.5,228,15,3-22,15.2,7.91,11.53,0,0
PLY_0405,2020,Nathan Coulter-Nile,7,7,156,26.0,206,5,2-29,41.2,7.92,31.2,0,0
PLY_0405,2021,Nathan Coulter-Nile,5,5,121,20.1,127,7,4-14,18.14,6.3,17.29,1,0
PLY_0405,2022,Nathan Coulter-Nile,1,1,19,3.1,48,0,0-48,,15.16,,0,0
PLY_0406,2021,Nathan Ellis,3,3,66,11.0,90,1,1-12,90.0,8.18,66.0,0,0
PLY_0406,2022,Nathan Ellis,2,2,37,6.1,55,3,3-40,18.33,8.92,12.33,0,0
PLY_0406,2023,Nathan Ellis,10,10,230,38.2,339,13,4-30,26.08,8.84,17.69,1,0
PLY_0406,2024,Nathan Ellis,1,1,24,4.0,24,1,1-24,24.0,6.0,24.0,0,0
PLY_0406,2025,Nathan Ellis,1,1,24,4.0,38,1,1-38,38.0,9.5,24.0,0,0
PLY_0408,2019,Navdeep Saini,13,13,293,48.5,397,11,2-34,36.09,8.13,26.64,0,0
PLY_0408,2020,Navdeep Saini,13,14,282,47.0,385,7,2-25,55.0,8.19,40.29,0,0
PLY_0408,2021,Navdeep Saini,1,1,25,4.1,52,0,0-27,,12.48,,0,0
PLY_0408,2022,Navdeep Saini,2,2,37,6.1,72,3,2-36,24.0,11.68,12.33,0,0
PLY_0408,2023,Navdeep Saini,1,1,39,6.3,74,3,3-40,24.67,11.38,13.0,0,0
PLY_0409,2023,Naveen-Ul-Haq,7,7,170,28.2,219,11,4-38,19.91,7.73,15.45,1,0
PLY_0409,2024,Naveen-Ul-Haq,10,10,222,37.0,372,14,3-49,26.57,10.05,15.86,0,0
PLY_0411,2024,Nehal Wadhera,1,1,12,2.0,13,0,0-13,,6.5,,0,0
PLY_0411,2025,Nehal Wadhera,1,1,5,0.5,9,0,0-9,,10.8,,0,0
PLY_0417,2023,Nitish Kumar Reddy,2,2,31,5.1,54,0,0-19,,10.45,,0,0
PLY_0417,2024,Nitish Kumar Reddy,7,7,80,13.2,153,3,2-17,51.0,11.47,26.67,0,0
PLY_0417,2025,Nitish Kumar Reddy,3,3,30,5.0,47,2,1-28,23.5,9.4,15.0,0,0
PLY_0418,2016,Nitish Rana,1,1,6,1.0,3,0,0-3,,3.0,,0,0
PLY_0418,2018,Nitish Rana,5,5,37,6.1,44,4,2-11,11.0,7.14,9.25,0,0
PLY_0418,2019,Nitish Rana,6,6,48,8.0,72,3,1-22,24.0,9.0,16.0,0,0
PLY_0418,2020,Nitish Rana,2,2,12,2.0,23,0,0-7,,11.5,,0,0
PLY_0418,2021,Nitish Rana,2,2,12,2.0,12,0,0-5,,6.0,,0,0
PLY_0418,2022,Nitish Rana,2,2,12,2.0,23,0,0-14,,11.5,,0,0
PLY_0418,2023,Nitish Rana,6,6,53,8.5,75,3,2-17,25.0,8.49,17.67,0,0
PLY_0418,2025,Nitish Rana,2,2,12,2.0,18,0,0-9,,9.0,,0,0
PLY_0419,2023,Noor Ahmad,13,13,284,47.2,369,16,3-37,23.06,7.8,17.75,0,0
PLY_0419,2024,Noor Ahmad,10,10,209,34.5,290,8,2-32,36.25,8.33,26.12,0,0
PLY_0419,2025,Noor Ahmad,14,14,303,50.3,408,24,4-18,17.0,8.08,12.62,2,0
PLY_0422,2022,Obed McCoy,7,7,157,26.1,237,11,3-23,21.55,9.06,14.27,0,0
PLY_0422,2023,Obed McCoy,1,1,6,1.0,13,0,0-13,,13.0,,0,0
PLY_0423,2022,Odean Smith,6,6,91,15.1,178,6,4-30,29.67,11.74,15.17,1,0
PLY_0430,2015,Parveez Rasool,2,2,30,5.0,31,1,1-20,31.0,6.2,30.0,0,0
PLY_0430,2016,Parveez Rasool,4,4,84,14.0,129,1,1-31,129.0,9.21,84.0,0,0
PLY_0432,2015,Pat Cummins,3,3,60,10.0,97,1,1-54,97.0,9.7,60.0,0,0
PLY_0432,2017,Pat Cummins,12,12,278,46.2,373,15,2-24,24.87,8.05,18.53,0,0
PLY_0432,2020,Pat Cummins,14,14,312,52.0,409,12,4-34,34.08,7.87,26.0,1,0
PLY_0432,2021,Pat Cummins,7,7,161,26.5,237,9,3-24,26.33,8.83,17.89,0,0
PLY_0432,2022,Pat Cummins,5,5,119,19.5,212,7,3-22,30.29,10.69,17.0,0,0
PLY_0432,2024,Pat Cummins,16,16,366,61.0,566,18,3-43,31.44,9.28,20.33,0,0
PLY_0432,2025,Pat Cummins,14,14,299,49.5,450,16,3-26,28.12,9.03,18.69,0,0
PLY_0435,2015,Pawan Negi,10,10,180,30.0,252,6,2-28,42.0,8.4,30.0,0,0
PLY_0435,2016,Pawan Negi,5,5,54,9.0,84,1,1-19,84.0,9.33,54.0,0,0
PLY_0435,2017,Pawan Negi,12,12,193,32.1,197,16,3-10,12.31,6.12,12.06,0,0
PLY_0435,2018,Pawan Negi,2,2,24,4.0,49,1,1-36,49.0,12.25,24.0,0,0
PLY_0435,2019,Pawan Negi,4,4,67,11.1,102,3,2-21,34.0,9.13,22.33,0,0
PLY_0439,2015,Piyush Chawla,13,13,210,35.0,269,11,4-32,24.45,7.69,19.09,1,0
PLY_0439,2016,Piyush Chawla,11,11,213,35.3,273,11,2-21,24.82,7.69,19.36,0,0
PLY_0439,2017,Piyush Chawla,6,6,120,20.0,179,6,2-34,29.83,8.95,20.0,0,0
PLY_0439,2018,Piyush Chawla,15,15,294,49.0,412,14,3-48,29.43,8.41,21.0,0,0
PLY_0439,2019,Piyush Chawla,13,13,267,44.3,399,10,3-20,39.9,8.97,26.7,0,0
PLY_0439,2020,Piyush Chawla,7,7,127,21.1,191,6,2-33,31.83,9.02,21.17,0,0
PLY_0439,2021,Piyush Chawla,1,1,24,4.0,38,1,1-38,38.0,9.5,24.0,0,0
PLY_0439,2023,Piyush Chawla,16,16,366,61.0,495,22,3-22,22.5,8.11,16.64,0,0
PLY_0439,2024,Piyush Chawla,11,11,210,35.0,312,13,3-33,24.0,8.91,16.15,0,0
PLY_0441,2016,Pradeep Sahu,5,5,105,17.3,146,3,2-18,48.67,8.34,35.0,0,0
PLY_0442,2016,Pradeep Sangwan,2,2,24,4.0,49,0,0-21,,12.25,,0,0
PLY_0442,2017,Pradeep Sangwan,5,5,108,18.0,181,5,2-38,36.2,10.06,21.6,0,0
PLY_0442,2018,Pradeep Sangwan,1,1,12,2.0,19,0,0-19,,9.5,,0,0
PLY_0442,2022,Pradeep Sangwan,3,3,54,9.0,65,3,2-19,21.67,7.22,18.0,0,0
PLY_0443,2015,Pragyan Ojha,1,1,12,2.0,23,0,0-23,,11.5,,0,0
PLY_0445,2018,Prasidh Krishna,7,7,168,28.0,260,10,4-30,26.0,9.29,16.8,1,0
PLY_0445,2019,Prasidh Krishna,11,12,252,42.0,387,5,1-10,77.4,9.21,50.4,0,0
PLY_0445,2020,Prasidh Krishna,6,6,107,17.5,164,4,3-29,41.0,9.2,26.75,0,0
PLY_0445,2021,Prasidh Krishna,10,10,239,39.5,351,12,3-30,29.25,8.81,19.92,0,0
PLY_0445,2022,Prasidh Krishna,17,17,402,67.0,551,19,3-22,29.0,8.22,21.16,0,0
PLY_0445,2025,Prasidh Krishna,15,15,354,59.0,488,25,4-41,19.52,8.27,14.16,1,0
PLY_0447,2015,Praveen Kumar,12,12,216,36.0,329,7,2-35,47.0,9.14,30.86,0,0
PLY_0447,2016,Praveen Kumar,16,16,309,51.3,401,9,2-25,44.56,7.79,34.33,0,0
PLY_0447,2017,Praveen Kumar,6,6,99,16.3,151,6,2-22,25.17,9.15,16.5,0,0
PLY_0448,2020,Pravin Dubey,3,3,48,8.0,72,0,0-29,,9.0,,0,0
PLY_0448,2023,Pravin Dubey,1,1,18,3.0,19,1,1-19,19.0,6.33,18.0,0,0
PLY_0448,2025,Pravin Dubey,1,1,12,2.0,20,1,1-20,20.0,10.0,12.0,0,0
PLY_0449,2015,Pravin Tambe,10,10,204,34.0,266,7,2-21,38.0,7.82,29.14,0,0
PLY_0449,2016,Pravin Tambe,7,7,96,16.0,143,5,2-33,28.6,8.94,19.2,0,0
PLY_0450,2019,Prayas Ray Barman,1,1,24,4.0,56,0,0-56,,14.0,,0,0
PLY_0452,2025,Prince Yadav,6,6,137,22.5,225,3,1-29,75.0,9.85,45.67,0,0
PLY_0459,2016,RP Singh,4,4,73,12.1,111,3,1-30,37.0,9.12,24.33,0,0
PLY_0460,2024,Rachin Ravindra,2,2,12,2.0,7,0,0-3,,3.5,,0,0
PLY_0462,2017,Rahul Chahar,2,2,42,7.0,58,2,1-32,29.0,8.29,21.0,0,0
PLY_0462,2019,Rahul Chahar,13,13,282,47.0,308,13,3-19,23.69,6.55,21.69,0,0
PLY_0462,2020,Rahul Chahar,15,15,318,53.0,433,15,2-26,28.87,8.17,21.2,0,0
PLY_0462,2021,Rahul Chahar,11,11,258,43.0,318,13,4-27,24.46,7.4,19.85,1,0
PLY_0462,2022,Rahul Chahar,13,13,280,46.4,360,14,3-25,25.71,7.71,20.0,0,0
PLY_0462,2023,Rahul Chahar,14,14,298,49.4,385,8,2-23,48.12,7.75,37.25,0,0
PLY_0462,2024,Rahul Chahar,9,9,187,31.1,279,10,3-23,27.9,8.95,18.7,0,0
PLY_0462,2025,Rahul Chahar,1,1,6,1.0,9,0,0-9,,9.0,,0,0
PLY_0466,2015,Rahul Tewatia,1,1,18,3.0,31,1,1-31,31.0,10.33,18.0,0,0
PLY_0466,2017,Rahul Tewatia,3,3,54,9.0,49,3,2-18,16.33,5.44,18.0,0,0
PLY_0466,2018,Rahul Tewatia,8,8,132,22.0,173,6,3-18,28.83,7.86,22.0,0,0
PLY_0466,2019,Rahul Tewatia,3,3,38,6.2,42,2,1-12,21.0,6.63,19.0,0,0
PLY_0466,2020,Rahul Tewatia,14,14,278,46.2,326,10,3-37,32.6,7.04,27.8,0,0
PLY_0466,2021,Rahul Tewatia,13,13,222,37.0,340,8,3-39,42.5,9.19,27.75,0,0
PLY_0466,2022,Rahul Tewatia,5,5,36,6.0,76,0,0-22,,12.67,,0,0
PLY_0466,2023,Rahul Tewatia,2,2,13,2.1,15,0,0-8,,6.92,,0,0
PLY_0467,2017,Rahul Tripathi,1,1,6,1.0,12,0,0-12,,12.0,,0,0
PLY_0470,2016,Rajagopal Sathish,3,3,36,6.0,59,1,1-20,59.0,9.83,36.0,0,0
PLY_0472,2015,Rajat Bhatia,2,2,30,5.0,46,0,0-23,,9.2,,0,0
PLY_0472,2016,Rajat Bhatia,10,10,205,34.1,244,6,2-19,40.67,7.14,34.17,0,0
PLY_0472,2017,Rajat Bhatia,3,3,42,7.0,55,2,2-14,27.5,7.86,21.0,0,0
PLY_0475,2022,Ramandeep Singh,3,3,36,6.0,54,6,3-20,9.0,9.0,6.0,0,0
PLY_0475,2024,Ramandeep Singh,1,1,4,0.4,9,0,0-9,,13.5,,0,0
PLY_0478,2017,Rashid Khan,14,14,324,54.0,358,17,3-19,21.06,6.63,19.06,0,0
PLY_0478,2018,Rashid Khan,17,17,408,68.0,458,21,3-19,21.81,6.74,19.43,0,0
PLY_0478,2019,Rashid Khan,15,16,363,60.3,386,17,3-21,22.71,6.38,21.35,0,0
PLY_0478,2020,Rashid Khan,16,17,388,64.4,345,20,3-7,17.25,5.34,19.4,0,0
PLY_0478,2021,Rashid Khan,14,15,342,57.0,380,18,3-36,21.11,6.67,19.0,0,0
PLY_0478,2022,Rashid Khan,16,16,383,63.5,421,19,4-24,22.16,6.6,20.16,1,0
PLY_0478,2023,Rashid Khan,17,17,402,67.0,552,27,4-30,20.44,8.24,14.89,1,0
PLY_0478,2024,Rashid Khan,12,12,262,43.4,367,10,2-49,36.7,8.4,26.2,0,0
PLY_0478,2025,Rashid Khan,15,15,330,55.0,514,9,2-37,57.11,9.35,36.67,0,0
PLY_0479,2019,Rasikh Salam,1,1,26,4.2,42,0,0-42,,9.69,,0,0
PLY_0479,2022,Rasikh Salam,2,2,24,4.0,28,0,0-18,,7.0,,0,0
PLY_0479,2024,Rasikh Salam,8,8,147,24.3,269,9,3-44,29.89,10.98,16.33,0,0
PLY_0479,2025,Rasikh Salam,2,2,36,6.0,70,1,1-35,70.0,11.67,36.0,0,0
PLY_0481,2020,Ravi Bishnoi,14,14,306,51.0,376,12,3-32,31.33,7.37,25.5,0,0
PLY_0481,2021,Ravi Bishnoi,9,9,216,36.0,230,12,3-24,19.17,6.39,18.0,0,0
PLY_0481,2022,Ravi Bishnoi,14,14,327,54.3,456,13,2-24,35.08,8.37,25.15,0,0
PLY_0481,2023,Ravi Bishnoi,14,14,305,50.5,391,16,3-28,24.44,7.69,19.06,0,0
PLY_0481,2024,Ravi Bishnoi,14,14,262,43.4,383,10,2-25,38.3,8.77,26.2,0,0
PLY_0481,2025,Ravi Bishnoi,11,11,222,37.0,401,9,2-53,44.56,10.84,24.67,0,0
PLY_0482,2015,Ravi Bopara,7,7,120,20.0,160,6,2-31,26.67,8.0,20.0,0,0
PLY_0484,2015,Ravichandran Ashwin,13,13,235,39.1,228,10,2-14,22.8,5.82,23.5,0,0
PLY_0484,2016,Ravichandran Ashwin,14,14,264,44.0,319,10,4-34,31.9,7.25,26.4,1,0
PLY_0484,2018,Ravichandran Ashwin,14,14,304,50.4,410,10,2-30,41.0,8.09,30.4,0,0
PLY_0484,2019,Ravichandran Ashwin,14,14,330,55.0,400,15,3-23,26.67,7.27,22.0,0,0
PLY_0484,2020,Ravichandran Ashwin,15,15,306,51.0,391,13,3-29,30.08,7.67,23.54,0,0
PLY_0484,2021,Ravichandran Ashwin,13,13,269,44.5,331,7,2-27,47.29,7.38,38.43,0,0
PLY_0484,2022,Ravichandran Ashwin,17,17,403,67.1,503,12,3-17,41.92,7.49,33.58,0,0
PLY_0484,2023,Ravichandran Ashwin,13,13,294,49.0,368,14,2-25,26.29,7.51,21.0,0,0
PLY_0484,2024,Ravichandran Ashwin,14,14,330,55.0,467,9,3-24,51.89,8.49,36.67,0,0
PLY_0484,2025,Ravichandran Ashwin,9,9,186,31.0,283,7,2-48,40.43,9.13,26.57,0,0
PLY_0485,2015,Ravindra Jadeja,15,15,256,42.4,330,11,4-11,30.0,7.73,23.27,1,0
PLY_0485,2016,Ravindra Jadeja,14,14,242,40.2,311,8,2-30,38.88,7.71,30.25,0,0
PLY_0485,2017,Ravindra Jadeja,12,12,228,38.0,349,5,2-28,69.8,9.18,45.6,0,0
PLY_0485,2018,Ravindra Jadeja,14,14,246,41.0,303,11,3-18,27.55,7.39,22.36,0,0
PLY_0485,2019,Ravindra Jadeja,16,16,324,54.0,343,15,3-9,22.87,6.35,21.6,0,0
PLY_0485,2020,Ravindra Jadeja,13,13,218,36.2,318,6,2-42,53.0,8.75,36.33,0,0
PLY_0485,2021,Ravindra Jadeja,16,16,296,49.2,346,13,3-13,26.62,7.01,22.77,0,0
PLY_0485,2022,Ravindra Jadeja,10,10,198,33.0,248,5,3-39,49.6,7.52,39.6,0,0
PLY_0485,2023,Ravindra Jadeja,16,16,342,57.0,431,20,3-20,21.55,7.56,17.1,0,0
PLY_0485,2024,Ravindra Jadeja,14,14,283,47.1,369,8,3-18,46.12,7.82,35.38,0,0
PLY_0485,2025,Ravindra Jadeja,14,14,229,38.1,324,10,2-24,32.4,8.49,22.9,0,0
PLY_0486,2023,Reece Topley,1,1,12,2.0,14,1,1-14,14.0,7.0,12.0,0,0
PLY_0486,2024,Reece Topley,4,4,90,15.0,168,4,2-27,42.0,11.2,22.5,0,0
PLY_0486,2025,Reece Topley,1,1,18,3.0,40,0,0-40,,13.33,,0,0
PLY_0488,2024,Richard Gleeson,2,2,48,8.0,71,1,1-30,71.0,8.88,48.0,0,0
PLY_0488,2025,Richard Gleeson,1,1,21,3.3,39,1,1-39,39.0,11.14,21.0,0,0
PLY_0494,2021,Ripal Patel,1,1,18,3.0,22,0,0-22,,7.33,,0,0
PLY_0496,2015,Rishi Dhawan,5,5,73,12.1,110,1,1-12,110.0,9.04,73.0,0,0
PLY_0496,2016,Rishi Dhawan,2,2,42,7.0,56,2,1-35,28.0,8.0,21.0,0,0
PLY_0496,2022,Rishi Dhawan,6,6,114,19.0,156,6,2-39,26.0,8.21,19.0,0,0
PLY_0496,2023,Rishi Dhawan,4,4,42,7.0,60,1,1-20,60.0,8.57,42.0,0,0
PLY_0496,2024,Rishi Dhawan,1,1,18,3.0,35,0,0-35,,11.67,,0,0
PLY_0497,2019,Riyan Parag,7,7,84,14.0,121,2,1-25,60.5,8.64,42.0,0,0
PLY_0497,2020,Riyan Parag,2,2,12,2.0,27,0,0-14,,13.5,,0,0
PLY_0497,2021,Riyan Parag,6,6,37,6.1,73,1,1-7,73.0,11.84,37.0,0,0
PLY_0497,2022,Riyan Parag,4,4,24,4.0,59,1,1-12,59.0,14.75,24.0,0,0
PLY_0497,2024,Riyan Parag,2,2,18,3.0,27,0,0-10,,9.0,,0,0
PLY_0497,2025,Riyan Parag,9,9,120,20.0,170,3,1-12,56.67,8.5,40.0,0,0
PLY_0505,2021,Rohit Sharma,2,2,7,1.1,13,0,0-9,,11.14,,0,0
PLY_0506,2022,Romario Shepherd,3,3,54,9.0,98,3,2-42,32.67,10.89,18.0,0,0
PLY_0506,2024,Romario Shepherd,5,5,72,12.0,159,1,1-54,159.0,13.25,72.0,0,0
PLY_0506,2025,Romario Shepherd,7,7,84,14.0,151,6,2-14,25.17,10.79,14.0,0,0
PLY_0507,2015,Ronit More,2,2,35,5.5,59,1,1-31,59.0,10.11,35.0,0,0
PLY_0509,2022,Rovman Powell,1,1,6,1.0,17,0,0-17,,17.0,,0,0
PLY_0509,2023,Rovman Powell,1,1,13,2.1,18,1,1-18,18.0,8.31,13.0,0,0
PLY_0515,2015,Ryan ten Doeschate,1,1,6,1.0,4,0,0-4,,4.0,,0,0
PLY_0516,2016,Sachin Baby,2,2,10,1.4,8,2,2-4,4.0,4.8,5.0,0,0
PLY_0520,2022,Sai Kishore,5,5,96,16.0,121,6,2-7,20.17,7.56,16.0,0,0
PLY_0520,2024,Sai Kishore,5,5,90,15.0,137,7,4-33,19.57,9.13,12.86,1,0
PLY_0520,2025,Sai Kishore,15,15,255,42.3,393,19,3-30,20.68,9.25,13.42,0,0
PLY_0524,2019,Sam Curran,9,9,199,33.1,323,10,4-11,32.3,9.74,19.9,1,0
PLY_0524,2020,Sam Curran,13,13,254,42.2,344,13,3-33,26.46,8.13,19.54,0,0
PLY_0524,2021,Sam Curran,9,9,200,33.2,328,9,3-34,36.44,9.84,22.22,0,0
PLY_0524,2023,Sam Curran,14,14,288,48.0,489,10,3-31,48.9,10.19,28.8,0,0
PLY_0524,2024,Sam Curran,13,13,247,41.1,416,16,3-28,26.0,10.11,15.44,0,0
PLY_0524,2025,Sam Curran,5,5,72,12.0,133,1,1-34,133.0,11.08,72.0,0,0
PLY_0527,2017,Samuel Badree,7,7,150,25.0,188,9,4-9,20.89,7.52,16.67,1,0
PLY_0529,2018,Sandeep Lamichhane,3,3,72,12.0,82,5,3-36,16.4,6.83,14.4,0,0
PLY_0529,2019,Sandeep Lamichhane,6,6,138,23.0,210,8,3-40,26.25,9.13,17.25,0,0
PLY_0530,2015,Sandeep Sharma,14,14,301,50.1,350,13,4-25,26.92,6.98,23.15,1,0
PLY_0530,2016,Sandeep Sharma,14,14,300,50.0,366,15,2-23,24.4,7.32,20.0,0,0
PLY_0530,2017,Sandeep Sharma,13,13,289,48.1,398,17,4-20,23.41,8.26,17.0,1,0
PLY_0530,2018,Sandeep Sharma,12,12,264,44.0,333,12,2-25,27.75,7.57,22.0,0,0
PLY_0530,2019,Sandeep Sharma,11,11,256,42.4,352,12,3-19,29.33,8.25,21.33,0,0
PLY_0530,2020,Sandeep Sharma,13,13,312,52.0,374,14,3-34,26.71,7.19,22.29,0,0
PLY_0530,2021,Sandeep Sharma,7,7,142,23.4,203,3,1-50,67.67,8.58,47.33,0,0
PLY_0530,2022,Sandeep Sharma,5,5,120,20.0,153,2,1-40,76.5,7.65,60.0,0,0
PLY_0530,2023,Sandeep Sharma,12,12,280,46.4,396,10,2-25,39.6,8.49,28.0,0,0
PLY_0530,2024,Sandeep Sharma,10,10,228,38.0,311,13,5-18,23.92,8.18,17.54,1,1
PLY_0530,2025,Sandeep Sharma,10,11,224,37.2,374,9,2-21,41.56,10.02,24.89,0,0
PLY_0534,2019,Sarfaraz Khan,1,1,2,0.2,6,0,0-6,,18.0,,0,0
PLY_0538,2015,Sean Abbott,2,2,30,5.0,57,0,0-36,,11.4,,0,0
PLY_0538,2022,Sean Abbott,1,1,24,4.0,47,1,1-47,47.0,11.75,24.0,0,0
PLY_0540,2016,Shadab Jakati,6,6,121,20.1,178,2,1-13,89.0,8.83,60.5,0,0
PLY_0540,2017,Shadab Jakati,2,2,30,5.0,52,0,0-30,,10.4,,0,0
PLY_0541,2020,Shahbaz Ahmed,2,2,36,6.0,44,2,2-26,22.0,7.33,18.0,0,0
PLY_0541,2021,Shahbaz Ahmed,6,6,84,14.0,92,7,3-7,13.14,6.57,12.0,0,0
PLY_0541,2022,Shahbaz Ahmed,14,14,211,35.1,336,4,2-26,84.0,9.55,52.75,0,0
PLY_0541,2023,Shahbaz Ahmed,5,5,42,7.0,95,1,1-38,95.0,13.57,42.0,0,0
PLY_0541,2024,Shahbaz Ahmed,15,15,166,27.4,270,7,3-23,38.57,9.76,23.71,0,0
PLY_0541,2025,Shahbaz Ahmed,3,3,51,8.3,102,1,1-41,102.0,12.0,51.0,0,0
PLY_0542,2015,Shahbaz Nadeem,2,2,42,7.0,43,0,0-25,,6.14,,0,0
PLY_0542,2016,Shahbaz Nadeem,4,4,90,15.0,127,2,2-23,63.5,8.47,45.0,0,0
PLY_0542,2017,Shahbaz Nadeem,7,7,107,17.5,119,6,2-13,19.83,6.67,17.83,0,0
PLY_0542,2018,Shahbaz Nadeem,6,6,90,15.0,161,3,2-34,53.67,10.73,30.0,0,0
PLY_0542,2019,Shahbaz Nadeem,3,3,54,9.0,90,2,1-36,45.0,10.0,27.0,0,0
PLY_0542,2020,Shahbaz Nadeem,7,7,135,22.3,178,5,2-19,35.6,7.91,27.0,0,0
PLY_0542,2021,Shahbaz Nadeem,1,1,24,4.0,36,1,1-36,36.0,9.0,24.0,0,0
PLY_0547,2015,Shakib Al Hasan,4,4,84,14.0,123,4,2-22,30.75,8.79,21.0,0,0
PLY_0547,2016,Shakib Al Hasan,9,9,186,31.0,243,5,1-14,48.6,7.84,37.2,0,0
PLY_0547,2017,Shakib Al Hasan,1,1,18,3.0,31,0,0-31,,10.33,,0,0
PLY_0547,2018,Shakib Al Hasan,17,17,342,57.0,456,14,2-23,32.57,8.0,24.43,0,0
PLY_0547,2019,Shakib Al Hasan,3,3,65,10.5,95,2,1-42,47.5,8.77,32.5,0,0
PLY_0547,2021,Shakib Al Hasan,8,8,156,26.0,187,4,1-34,46.75,7.19,39.0,0,0
PLY_0549,2024,Shams Mulani,2,2,30,5.0,57,0,0-24,,11.4,,0,0
PLY_0553,2015,Shane Watson,10,10,176,29.2,269,6,2-36,44.83,9.17,29.33,0,0
PLY_0553,2016,Shane Watson,16,16,340,56.4,485,20,4-29,24.25,8.56,17.0,1,0
PLY_0553,2017,Shane Watson,8,8,161,26.5,245,5,1-21,49.0,9.13,32.2,0,0
PLY_0553,2018,Shane Watson,11,11,168,28.0,251,6,2-29,41.83,8.96,28.0,0,0
PLY_0555,2015,Shardul Thakur,1,1,18,3.0,38,1,1-38,38.0,12.67,18.0,0,0
PLY_0555,2017,Shardul Thakur,12,12,229,38.1,315,11,3-35,28.64,8.25,20.82,0,0
PLY_0555,2018,Shardul Thakur,13,13,280,46.4,431,16,2-33,26.94,9.24,17.5,0,0
PLY_0555,2019,Shardul Thakur,9,9,180,30.0,281,8,2-42,35.12,9.37,22.5,0,0
PLY_0555,2020,Shardul Thakur,9,9,196,32.4,275,10,2-28,27.5,8.42,19.6,0,0
PLY_0555,2021,Shardul Thakur,16,16,361,60.1,527,21,3-28,25.1,8.76,17.19,0,0
PLY_0555,2022,Shardul Thakur,14,14,291,48.3,473,15,4-36,31.53,9.75,19.4,1,0
PLY_0555,2023,Shardul Thakur,9,9,321,53.3,509,20,4-37,25.45,9.51,16.05,1,0
PLY_0555,2024,Shardul Thakur,10,10,407,67.5,711,16,5-30,44.44,10.48,25.44,1,1
PLY_0555,2025,Shardul Thakur,10,10,245,40.5,454,14,4-34,32.43,11.12,17.5,1,0
PLY_0556,2022,Shashank Singh,2,2,12,2.0,20,0,0-10,,10.0,,0,0
PLY_0556,2024,Shashank Singh,1,1,6,1.0,5,1,1-5,5.0,5.0,6.0,0,0
PLY_0556,2025,Shashank Singh,1,1,12,2.0,27,0,0-27,,13.5,,0,0
PLY_0560,2020,Sheldon Cottrell,6,6,120,20.0,176,6,2-24,29.33,8.8,20.0,0,0
PLY_0562,2019,Sherfane Rutherford,6,6,41,6.5,59,1,1-6,59.0,8.63,41.0,0,0
PLY_0565,2019,Shivam Dube,2,2,10,1.4,8,0,0-3,,4.8,,0,0
PLY_0565,2020,Shivam Dube,5,5,54,9.0,73,4,2-33,18.25,8.11,13.5,0,0
PLY_0565,2021,Shivam Dube,4,4,30,5.0,49,0,0-20,,9.8,,0,0
PLY_0565,2022,Shivam Dube,2,2,12,2.0,36,0,0-11,,18.0,,0,0
PLY_0565,2024,Shivam Dube,1,1,6,1.0,14,1,1-14,14.0,14.0,6.0,0,0
PLY_0565,2025,Shivam Dube,1,1,12,2.0,33,0,0-33,,16.5,,0,0
PLY_0566,2018,Shivam Mavi,9,9,169,28.1,270,5,1-14,54.0,9.59,33.8,0,0
PLY_0566,2020,Shivam Mavi,8,8,156,26.0,212,9,2-20,23.56,8.15,17.33,0,0
PLY_0566,2021,Shivam Mavi,9,9,196,32.4,233,11,4-21,21.18,7.13,17.82,1,0
PLY_0566,2022,Shivam Mavi,6,6,134,22.2,227,5,1-39,45.4,10.16,26.8,0,0
PLY_0567,2015,Shivam Sharma,1,1,18,3.0,44,1,1-44,44.0,14.67,18.0,0,0
PLY_0567,2023,Shivam Sharma,11,11,235,39.1,321,10,3-30,32.1,8.2,23.5,0,0
PLY_0567,2024,Shivam Sharma,2,2,24,4.0,51,0,0-18,,12.75,,0,0
PLY_0567,2025,Shivam Sharma,14,14,300,50.0,442,8,3-17,55.25,8.84,37.5,0,0
PLY_0569,2016,Shivil Kaushik,7,7,139,23.1,192,6,3-20,32.0,8.29,23.17,0,0
PLY_0569,2017,Shivil Kaushik,3,3,66,11.0,105,0,0-40,,9.55,,0,0
PLY_0576,2015,Shreyas Gopal,1,1,13,2.1,23,1,1-23,23.0,10.62,13.0,0,0
PLY_0576,2016,Shreyas Gopal,1,1,18,3.0,18,0,0-18,,6.0,,0,0
PLY_0576,2018,Shreyas Gopal,10,10,186,31.0,236,11,4-16,21.45,7.61,16.91,1,0
PLY_0576,2019,Shreyas Gopal,14,14,289,48.1,347,20,3-27,17.35,7.2,14.45,0,0
PLY_0576,2020,Shreyas Gopal,14,14,300,50.0,427,10,2-28,42.7,8.54,30.0,0,0
PLY_0576,2021,Shreyas Gopal,3,3,42,7.0,84,0,0-40,,12.0,,0,0
PLY_0576,2022,Shreyas Gopal,1,1,18,3.0,34,1,1-34,34.0,11.33,18.0,0,0
PLY_0576,2024,Shreyas Gopal,3,3,42,7.0,67,3,1-32,22.33,9.57,14.0,0,0
PLY_0577,2022,Shreyas Iyer,1,1,6,1.0,7,0,0-7,,7.0,,0,0
PLY_0581,2017,Siddarth Kaul,10,10,215,35.5,300,16,4-29,18.75,8.37,13.44,1,0
PLY_0581,2018,Siddarth Kaul,17,17,397,66.1,547,21,3-23,26.05,8.27,18.9,0,0
PLY_0581,2019,Siddarth Kaul,7,7,237,39.3,327,8,2-35,40.88,8.28,29.62,0,0
PLY_0581,2020,Siddarth Kaul,1,1,43,7.1,98,2,2-64,49.0,13.67,21.5,0,0
PLY_0581,2021,Siddarth Kaul,8,8,193,32.1,262,7,2-31,37.43,8.15,27.57,0,0
PLY_0581,2022,Siddarth Kaul,1,1,24,4.0,43,0,0-43,,10.75,,0,0
PLY_0581,2024,Siddarth Kaul,5,5,67,11.1,119,6,3-15,19.83,10.66,11.17,0,0
PLY_0585,2023,Sikandar Raza,6,6,73,12.1,119,3,1-25,39.67,9.78,24.33,0,0
PLY_0585,2024,Sikandar Raza,1,1,12,2.0,22,0,0-22,,11.0,,0,0
PLY_0586,2022,Simarjeet Singh,6,6,109,18.1,138,4,2-27,34.5,7.6,27.25,0,0
PLY_0586,2024,Simarjeet Singh,4,4,72,12.0,121,5,3-26,24.2,10.08,14.4,0,0
PLY_0586,2025,Simarjeet Singh,4,4,61,10.1,141,2,2-46,70.5,13.87,30.5,0,0
PLY_0591,2024,Spencer Johnson,5,5,96,16.0,151,4,2-25,37.75,9.44,24.0,0,0
PLY_0591,2025,Spencer Johnson,4,4,68,11.2,133,1,1-42,133.0,11.74,68.0,0,0
PLY_0592,2015,Sreenath Aravind,5,5,108,18.0,132,8,4-27,16.5,7.33,13.5,1,0
PLY_0592,2016,Sreenath Aravind,9,9,175,29.1,216,11,2-41,19.64,7.41,15.91,0,0
PLY_0592,2017,Sreenath Aravind,10,10,184,30.4,275,5,2-29,55.0,8.97,36.8,0,0
PLY_0598,2015,Stuart Binny,10,10,114,19.0,140,4,2-27,35.0,7.37,28.5,0,0
PLY_0598,2016,Stuart Binny,11,11,102,17.0,134,1,1-17,134.0,7.88,102.0,0,0
PLY_0598,2017,Stuart Binny,4,4,36,6.0,50,4,1-10,12.5,8.33,9.0,0,0
PLY_0598,2018,Stuart Binny,1,1,13,2.1,33,0,0-33,,15.23,,0,0
PLY_0598,2019,Stuart Binny,5,5,42,7.0,44,1,1-19,44.0,6.29,42.0,0,0
PLY_0601,2024,Sumit Kumar,2,2,20,3.2,38,0,0-19,,11.4,,0,0
PLY_0601,2025,Sumit Kumar,2,2,24,4.0,53,1,1-40,53.0,13.25,24.0,0,0
PLY_0604,2015,Sunil Narine,8,8,192,32.0,234,7,4-19,33.43,7.31,27.43,1,0
PLY_0604,2016,Sunil Narine,11,11,256,42.4,304,11,3-26,27.64,7.12,23.27,0,0
PLY_0604,2017,Sunil Narine,15,15,354,59.0,412,10,2-29,41.2,6.98,35.4,0,0
PLY_0604,2018,Sunil Narine,16,16,366,61.0,467,17,3-18,27.47,7.66,21.53,0,0
PLY_0604,2019,Sunil Narine,12,12,266,44.2,347,10,2-24,34.7,7.83,26.6,0,0
PLY_0604,2020,Sunil Narine,10,10,228,38.0,302,5,2-28,60.4,7.95,45.6,0,0
PLY_0604,2021,Sunil Narine,14,14,338,56.2,361,16,4-21,22.56,6.41,21.12,1,0
PLY_0604,2022,Sunil Narine,14,14,336,56.0,312,9,2-21,34.67,5.57,37.33,0,0
PLY_0604,2023,Sunil Narine,14,14,288,48.0,383,11,3-33,34.82,7.98,26.18,0,0
PLY_0604,2024,Sunil Narine,14,14,330,55.0,368,17,2-30,21.65,6.69,19.41,0,0
PLY_0604,2025,Sunil Narine,12,12,272,45.2,351,12,3-13,29.25,7.74,22.67,0,0
PLY_0608,2015,Suresh Raina,5,5,72,12.0,93,2,1-29,46.5,7.75,36.0,0,0
PLY_0608,2016,Suresh Raina,4,4,60,10.0,82,0,0-16,,8.2,,0,0
PLY_0608,2017,Suresh Raina,6,6,72,12.0,102,1,1-11,102.0,8.5,72.0,0,0
PLY_0608,2019,Suresh Raina,1,1,6,1.0,6,0,0-6,,6.0,,0,0
PLY_0611,2025,Suryansh Shedge,1,1,19,3.1,40,0,0-40,,12.63,,0,0
PLY_0614,2016,Swapnil Singh,1,1,18,3.0,29,0,0-29,,9.67,,0,0
PLY_0614,2017,Swapnil Singh,4,4,42,7.0,61,1,1-14,61.0,8.71,42.0,0,0
PLY_0614,2023,Swapnil Singh,2,2,12,2.0,18,0,0-7,,9.0,,0,0
PLY_0614,2024,Swapnil Singh,7,7,91,15.1,133,6,2-40,22.17,8.77,15.17,0,0
PLY_0616,2017,T Natarajan,6,6,76,12.4,115,2,1-26,57.5,9.08,38.0,0,0
PLY_0616,2020,T Natarajan,16,16,378,63.0,504,16,2-40,31.5,8.0,23.62,0,0
PLY_0616,2021,T Natarajan,2,2,48,8.0,69,2,1-37,34.5,8.62,24.0,0,0
PLY_0616,2022,T Natarajan,11,11,258,43.0,406,18,3-37,22.56,9.44,14.33,0,0
PLY_0616,2023,T Natarajan,12,12,270,45.0,410,10,2-23,41.0,9.11,27.0,0,0
PLY_0616,2024,T Natarajan,14,14,308,51.2,465,19,4-19,24.47,9.06,16.21,1,0
PLY_0616,2025,T Natarajan,2,2,25,4.1,53,1,1-4,53.0,12.72,25.0,0,0
PLY_0617,2016,Tabraiz Shamsi,4,4,96,16.0,147,3,1-36,49.0,9.19,32.0,0,0
PLY_0617,2021,Tabraiz Shamsi,1,1,24,4.0,34,0,0-34,,8.5,,0,0
PLY_0625,2022,Tilak Varma,2,2,12,2.0,13,0,0-6,,6.5,,0,0
PLY_0625,2023,Tilak Varma,1,1,6,1.0,7,0,0-7,,7.0,,0,0
PLY_0625,2024,Tilak Varma,1,1,4,0.4,8,0,0-8,,12.0,,0,0
PLY_0630,2015,Tim Southee,7,7,169,28.1,247,6,2-36,41.17,8.77,28.17,0,0
PLY_0630,2016,Tim Southee,11,11,258,43.0,329,9,3-24,36.56,7.65,28.67,0,0
PLY_0630,2017,Tim Southee,3,3,61,10.1,96,3,2-39,32.0,9.44,20.33,0,0
PLY_0630,2018,Tim Southee,8,8,175,29.1,261,5,3-30,52.2,8.95,35.0,0,0
PLY_0630,2019,Tim Southee,3,3,54,9.0,118,1,1-24,118.0,13.11,54.0,0,0
PLY_0630,2021,Tim Southee,3,3,72,12.0,95,3,2-26,31.67,7.92,24.0,0,0
PLY_0630,2022,Tim Southee,9,9,211,35.1,275,14,3-20,19.64,7.82,15.07,0,0
PLY_0630,2023,Tim Southee,2,2,36,6.0,79,2,2-54,39.5,13.17,18.0,0,0
PLY_0633,2018,Tom Curran,5,5,63,10.3,118,6,2-39,19.67,11.24,10.5,0,0
PLY_0633,2020,Tom Curran,5,5,110,18.2,208,3,1-54,69.33,11.35,36.67,0,0
PLY_0633,2021,Tom Curran,3,3,68,11.2,104,4,3-29,26.0,9.18,17.0,0,0
PLY_0636,2017,Travis Head,5,5,48,8.0,81,2,2-30,40.5,10.12,24.0,0,0
PLY_0636,2024,Travis Head,1,1,10,1.4,32,0,0-32,,19.2,,0,0
PLY_0637,2015,Trent Boult,7,7,168,28.0,236,9,3-36,26.22,8.43,18.67,0,0
PLY_0637,2016,Trent Boult,1,1,24,4.0,39,1,1-39,39.0,9.75,24.0,0,0
PLY_0637,2017,Trent Boult,6,6,143,23.5,216,5,2-30,43.2,9.06,28.6,0,0
PLY_0637,2018,Trent Boult,14,14,317,52.5,466,18,2-39,25.89,8.82,17.61,0,0
PLY_0637,2019,Trent Boult,5,5,114,19.0,163,5,2-27,32.6,8.58,22.8,0,0
PLY_0637,2020,Trent Boult,15,16,348,58.0,472,25,4-18,18.88,8.14,13.92,1,0
PLY_0637,2021,Trent Boult,14,14,309,51.3,406,13,3-28,31.23,7.88,23.77,0,0
PLY_0637,2022,Trent Boult,16,16,372,62.0,492,16,2-23,30.75,7.94,23.25,0,0
PLY_0637,2023,Trent Boult,10,10,228,38.0,312,13,3-29,24.0,8.21,17.54,0,0
PLY_0637,2024,Trent Boult,15,15,320,53.2,443,16,3-22,27.69,8.31,20.0,0,0
PLY_0637,2025,Trent Boult,16,16,346,57.4,517,22,4-26,23.5,8.97,15.73,1,0
PLY_0638,2023,Tristan Stubbs,1,1,12,2.0,14,1,1-14,14.0,7.0,12.0,0,0
PLY_0638,2024,Tristan Stubbs,2,2,12,2.0,15,3,2-11,5.0,7.5,4.0,0,0
PLY_0638,2025,Tristan Stubbs,2,2,12,2.0,40,0,0-28,,20.0,,0,0
PLY_0639,2020,Tushar Deshpande,5,5,103,17.1,192,3,2-37,64.0,11.18,34.33,0,0
PLY_0639,2022,Tushar Deshpande,2,2,42,7.0,63,1,1-40,63.0,9.0,42.0,0,0
PLY_0639,2023,Tushar Deshpande,16,16,345,57.3,564,21,3-45,26.86,9.81,16.43,0,0
PLY_0639,2024,Tushar Deshpande,13,13,290,48.2,424,17,4-27,24.94,8.77,17.06,1,0
PLY_0639,2025,Tushar Deshpande,10,10,192,32.0,340,9,3-44,37.78,10.62,21.33,0,0
PLY_0640,2017,Tymal Mills,5,5,107,17.5,153,5,2-31,30.6,8.58,21.4,0,0
PLY_0640,2021,Tymal Mills,5,5,103,17.1,169,4,1-49,42.25,9.84,25.75,0,0
PLY_0640,2022,Tymal Mills,8,8,270,45.0,426,14,2-40,30.43,9.47,19.29,0,0
PLY_0640,2023,Tymal Mills,5,5,119,19.5,207,7,2-34,29.57,10.44,17.0,0,0
PLY_0644,2015,Umesh Yadav,12,12,254,42.2,382,10,3-33,38.2,9.02,25.4,0,0
PLY_0644,2016,Umesh Yadav,9,9,158,26.2,234,10,3-28,23.4,8.89,15.8,0,0
PLY_0644,2017,Umesh Yadav,14,14,291,48.3,410,17,4-33,24.12,8.45,17.12,1,0
PLY_0644,2018,Umesh Yadav,14,14,321,53.3,418,20,3-23,20.9,7.81,16.05,0,0
PLY_0644,2019,Umesh Yadav,11,11,228,38.0,371,8,3-36,46.38,9.76,28.5,0,0
PLY_0644,2020,Umesh Yadav,2,2,43,7.1,83,0,0-35,,11.58,,0,0
PLY_0644,2022,Umesh Yadav,12,12,293,48.5,339,16,4-23,21.19,6.94,18.31,1,0
PLY_0644,2023,Umesh Yadav,8,8,114,19.0,189,1,1-27,189.0,9.95,114.0,0,0
PLY_0644,2024,Umesh Yadav,7,7,126,21.0,210,8,2-31,26.25,10.0,15.75,0,0
PLY_0645,2021,Umran Malik,3,3,72,12.0,96,2,1-48,48.0,8.0,36.0,0,0
PLY_0645,2022,Umran Malik,14,14,299,49.5,444,22,5-25,20.18,8.91,13.59,2,1
PLY_0645,2023,Umran Malik,8,8,120,20.0,217,5,2-32,43.4,10.85,24.0,0,0
PLY_0645,2024,Umran Malik,1,1,6,1.0,15,0,0-15,,15.0,,0,0
PLY_0651,2022,Vaibhav Arora,5,5,107,17.5,164,3,2-21,54.67,9.2,35.67,0,0
PLY_0651,2023,Vaibhav Arora,5,5,100,16.4,146,5,2-32,29.2,8.76,20.0,0,0
PLY_0651,2024,Vaibhav Arora,10,10,186,31.0,276,11,3-27,25.09,8.9,16.91,0,0
PLY_0651,2025,Vaibhav Arora,12,12,255,42.3,430,17,3-29,25.29,10.12,15.0,0,0
PLY_0653,2015,Varun Aaron,5,5,104,17.2,177,3,2-24,59.0,10.21,34.67,0,0
PLY_0653,2016,Varun Aaron,8,8,144,24.0,227,2,2-37,113.5,9.46,72.0,0,0
PLY_0653,2017,Varun Aaron,6,6,121,20.1,163,7,2-21,23.29,8.08,17.29,0,0
PLY_0653,2019,Varun Aaron,5,5,72,12.0,116,4,2-20,29.0,9.67,18.0,0,0
PLY_0653,2020,Varun Aaron,3,3,50,8.2,94,0,0-25,,11.28,,0,0
PLY_0653,2022,Varun Aaron,2,2,30,5.0,52,2,2-45,26.0,10.4,15.0,0,0
PLY_0654,2019,Varun Chakaravarthy,1,1,18,3.0,35,1,1-35,35.0,11.67,18.0,0,0
PLY_0654,2020,Varun Chakaravarthy,13,13,312,52.0,356,17,5-20,20.94,6.85,18.35,1,1
PLY_0654,2021,Varun Chakaravarthy,17,17,411,68.3,448,18,3-13,24.89,6.54,22.83,0,0
PLY_0654,2022,Varun Chakaravarthy,11,11,237,39.3,332,6,1-23,55.33,8.41,39.5,0,0
PLY_0654,2023,Varun Chakaravarthy,14,14,316,52.4,429,20,4-15,21.45,8.15,15.8,1,0
PLY_0654,2024,Varun Chakaravarthy,14,14,302,50.2,402,21,3-33,19.14,7.99,14.38,0,0
PLY_0654,2025,Varun Chakaravarthy,13,13,300,50.0,383,17,3-22,22.53,7.66,17.65,0,0
PLY_0655,2021,Venkatesh Iyer,4,4,52,8.4,69,3,2-29,23.0,7.96,17.33,0,0
PLY_0655,2022,Venkatesh Iyer,4,4,24,4.0,46,0,0-10,,11.5,,0,0
PLY_0655,2024,Venkatesh Iyer,1,1,6,1.0,28,0,0-28,,28.0,,0,0
PLY_0658,2018,Vijay Shankar,4,4,31,5.1,58,1,1-22,58.0,11.23,31.0,0,0
PLY_0658,2019,Vijay Shankar,5,5,49,8.1,70,1,1-11,70.0,8.57,49.0,0,0
PLY_0658,2020,Vijay Shankar,5,5,81,13.3,82,4,1-20,20.5,6.07,20.25,0,0
PLY_0658,2021,Vijay Shankar,5,5,67,11.1,100,3,2-19,33.33,8.96,22.33,0,0
PLY_0658,2022,Vijay Shankar,2,2,9,1.3,15,0,0-14,,10.0,,0,0
PLY_0660,2024,Vijayakanth Viyaskanth,3,3,60,10.0,86,1,1-37,86.0,8.6,60.0,0,0
PLY_0664,2015,Vinay Kumar,13,13,262,43.4,368,7,2-26,52.57,8.43,37.43,0,0
PLY_0664,2016,Vinay Kumar,3,3,54,9.0,64,3,2-17,21.33,7.11,18.0,0,0
PLY_0664,2017,Vinay Kumar,1,1,18,3.0,31,2,2-31,15.5,10.33,9.0,0,0
PLY_0664,2018,Vinay Kumar,2,2,24,4.0,65,2,2-30,32.5,16.25,12.0,0,0
PLY_0665,2025,Vipraj Nigam,13,13,238,39.4,356,11,2-27,32.36,8.97,21.64,0,0
PLY_0666,2015,Virat Kohli,2,2,11,1.5,10,0,0-4,,5.45,,0,0
PLY_0666,2016,Virat Kohli,1,1,8,1.2,13,0,0-13,,9.75,,0,0
PLY_0670,2023,Vivrant Sharma,2,2,19,3.1,37,0,0-18,,11.68,,0,0
PLY_0671,2024,Vyshak Vijaykumar,1,1,24,4.0,36,2,2-36,18.0,9.0,12.0,0,0
PLY_0672,2021,Wanindu Hasaranga,2,2,36,6.0,60,0,0-20,,10.0,,0,0
PLY_0672,2022,Wanindu Hasaranga,16,16,342,57.0,430,26,5-18,16.54,7.54,13.15,2,1
PLY_0672,2023,Wanindu Hasaranga,8,8,174,29.0,258,9,2-39,28.67,8.9,19.33,0,0
PLY_0672,2025,Wanindu Hasaranga,11,11,246,41.0,371,11,4-35,33.73,9.05,22.36,1,0
PLY_0673,2017,Washington Sundar,10,10,180,30.0,185,8,3-16,23.12,6.17,22.5,0,0
PLY_0673,2018,Washington Sundar,7,7,120,20.0,192,4,2-22,48.0,9.6,30.0,0,0
PLY_0673,2019,Washington Sundar,3,3,54,9.0,74,4,3-24,18.5,8.22,13.5,0,0
PLY_0673,2020,Washington Sundar,15,15,301,50.1,298,8,2-16,37.25,5.94,37.62,0,0
PLY_0673,2021,Washington Sundar,6,6,96,16.0,118,3,1-7,39.33,7.38,32.0,0,0
PLY_0673,2022,Washington Sundar,8,8,169,28.1,239,6,2-28,39.83,8.49,28.17,0,0
PLY_0673,2023,Washington Sundar,7,7,106,17.4,146,3,3-28,48.67,8.26,35.33,0,0
PLY_0673,2024,Washington Sundar,2,2,30,5.0,73,1,1-46,73.0,14.6,30.0,0,0
PLY_0673,2025,Washington Sundar,5,5,65,10.5,111,2,1-28,55.5,10.25,32.5,0,0
PLY_0675,2023,Wayne Parnell,7,7,152,25.2,236,9,3-41,26.22,9.32,16.89,0,0
PLY_0676,2025,Pwa Mulder,1,1,6,1.0,16,0,0-16,,16.0,,0,0
PLY_0678,2024,Will Jacks,5,5,54,9.0,100,2,1-24,50.0,11.11,27.0,0,0
PLY_0678,2025,Will Jacks,8,8,85,14.1,120,6,2-14,20.0,8.47,14.17,0,0
PLY_0680,2025,Xavier Bartlett,4,4,60,10.0,96,2,1-30,48.0,9.6,30.0,0,0
PLY_0682,2022,Yash Dayal,9,9,195,32.3,296,11,3-40,26.91,9.11,17.73,0,0
PLY_0682,2023,Yash Dayal,5,5,84,14.0,165,2,1-31,82.5,11.79,42.0,0,0
PLY_0682,2024,Yash Dayal,14,14,304,50.4,459,15,3-20,30.6,9.06,20.27,0,0
PLY_0682,2025,Yash Dayal,15,15,298,49.4,470,13,2-18,36.15,9.46,22.92,0,0
PLY_0684,2022,Yashasvi Jaiswal,1,1,1,0.1,6,0,0-6,,36.0,,0,0
PLY_0690,2023,Yudhvir Singh,3,3,48,8.0,70,3,2-19,23.33,8.75,16.0,0,0
PLY_0690,2024,Yudhvir Singh,2,2,24,4.0,52,1,1-24,52.0,13.0,24.0,0,0
PLY_0690,2025,Yudhvir Singh,4,4,67,11.1,131,4,3-47,32.75,11.73,16.75,0,0
PLY_0691,2015,Yusuf Pathan,5,5,60,10.0,97,2,2-40,48.5,9.7,30.0,0,0
PLY_0691,2016,Yusuf Pathan,4,4,36,6.0,33,1,1-6,33.0,5.5,36.0,0,0
PLY_0691,2017,Yusuf Pathan,4,4,24,4.0,41,1,1-2,41.0,10.25,24.0,0,0
PLY_0691,2018,Yusuf Pathan,1,1,12,2.0,14,1,1-14,14.0,7.0,12.0,0,0
PLY_0691,2019,Yusuf Pathan,1,1,6,1.0,8,0,0-8,,8.0,,0,0
PLY_0692,2015,Yuvraj Singh,6,6,54,9.0,72,1,1-14,72.0,8.0,54.0,0,0
PLY_0692,2016,Yuvraj Singh,5,5,37,6.1,52,0,0-13,,8.43,,0,0
PLY_0692,2017,Yuvraj Singh,2,2,12,2.0,22,1,1-6,22.0,11.0,12.0,0,0
PLY_0692,2018,Yuvraj Singh,2,2,12,2.0,23,0,0-10,,11.5,,0,0
PLY_0693,2015,Yuzvendra Chahal,14,14,281,46.5,415,23,3-40,18.04,8.86,12.22,0,0
PLY_0693,2016,Yuzvendra Chahal,13,13,296,49.2,401,21,4-25,19.1,8.13,14.1,1,0
PLY_0693,2017,Yuzvendra Chahal,13,13,263,43.5,333,14,3-31,23.79,7.6,18.79,0,0
PLY_0693,2018,Yuzvendra Chahal,14,14,303,50.3,363,12,2-22,30.25,7.19,25.25,0,0
PLY_0693,2019,Yuzvendra Chahal,14,14,296,49.2,386,18,4-38,21.44,7.82,16.44,1,0
PLY_0693,2020,Yuzvendra Chahal,15,15,345,57.3,405,21,3-24,19.29,7.04,16.43,0,0
PLY_0693,2021,Yuzvendra Chahal,15,15,318,53.0,374,18,3-29,20.78,7.06,17.67,0,0
PLY_0693,2022,Yuzvendra Chahal,17,17,408,68.0,527,27,5-40,19.52,7.75,15.11,2,1
PLY_0693,2023,Yuzvendra Chahal,14,14,317,52.5,432,21,4-17,20.57,8.18,15.1,3,0
PLY_0693,2024,Yuzvendra Chahal,15,15,349,58.1,546,18,3-11,30.33,9.39,19.39,0,0
PLY_0693,2025,Yuzvendra Chahal,13,13,270,45.0,430,16,4-28,26.88,9.56,16.88,2,0
PLY_0694,2015,Zaheer Khan,7,7,145,24.1,156,7,2-17,22.29,6.46,20.71,0,0
PLY_0694,2016,Zaheer Khan,12,12,262,43.4,337,10,3-21,33.7,7.72,26.2,0,0
PLY_0694,2017,Zaheer Khan,11,11,241,40.1,313,10,3-20,31.3,7.79,24.1,0,0
PLY_0699,2015,Gurjapneet Singh,3,3,54,9.0,66,3,2-17,22.0,7.33,18.0,0,0
PLY_0699,2016,Gurjapneet Singh,3,3,24,4.0,31,2,2-15,15.5,7.75,12.0,0,0
PLY_0700,2017,Matt Henry,2,2,30,5.0,71,1,1-31,71.0,14.2,30.0,0,0
PLY_0700,2024,Matt Henry,4,4,72,12.0,110,1,1-28,110.0,9.17,72.0,0,0
PLY_0705,2018,Lungi Ngidi,7,7,156,26.0,156,11,4-10,14.18,6.0,14.18,1,0
PLY_0705,2020,Lungi Ngidi,4,4,98,16.2,167,9,3-38,18.56,10.22,10.89,0,0
PLY_0705,2021,Lungi Ngidi,3,3,72,12.0,125,5,3-28,25.0,10.42,14.4,0,0
PLY_0705,2025,Lungi Ngidi,2,2,48,8.0,81,4,3-30,20.25,10.12,12.0,0,0
PLY_0710,2023,Gurnoor Brar,1,1,20,3.2,42,0,0-42,,12.6,,0,0
PLY_0711,2018,Kulwant Khejroliya,3,3,65,10.5,107,2,2-33,53.5,9.88,32.5,0,0
PLY_0711,2019,Kulwant Khejroliya,2,2,30,5.0,46,1,1-29,46.0,9.2,30.0,0,0
PLY_0711,2023,Kulwant Khejroliya,2,2,28,4.4,64,2,2-44,32.0,13.71,14.0,0,0
PLY_0711,2025,Kulwant Khejroliya,1,1,18,3.0,29,1,1-29,29.0,9.67,18.0,0,0
PLY_0718,2022,Matheesha Pathirana,2,2,41,6.5,52,2,2-24,26.0,7.61,20.5,0,0
PLY_0718,2023,Matheesha Pathirana,12,12,279,46.3,371,19,3-15,19.53,7.98,14.68,0,0
PLY_0718,2024,Matheesha Pathirana,6,6,132,22.0,169,13,4-28,13.0,7.68,10.15,1,0
PLY_0718,2025,Matheesha Pathirana,12,12,252,42.0,424,13,3-36,32.62,10.1,19.38,0,0
PLY_0719,2022,Prashant Solanki,2,2,36,6.0,38,2,2-20,19.0,6.33,18.0,0,0
PLY_0723,2021,Akash Singh,1,1,24,4.0,39,0,0-39,,9.75,,0,0
PLY_0723,2023,Akash Singh,6,6,114,19.0,188,5,2-40,37.6,9.89,22.8,0,0
PLY_0723,2025,Akash Singh,3,3,67,11.1,99,4,2-30,24.75,8.87,16.75,0,0
PLY_0724,2025,Digvesh Rathi,13,13,314,52.2,429,14,2-31,30.64,8.2,22.43,0,0
PLY_0725,2024,Manimaran Siddharth,3,3,57,9.3,71,1,1-21,71.0,7.47,57.0,0,0
PLY_0725,2025,Manimaran Siddharth,2,2,42,7.0,67,2,2-39,33.5,9.57,21.0,0,0
PLY_0727,2024,Mayank Yadav,4,4,74,12.2,85,7,3-27,12.14,6.89,10.57,0,0
PLY_0727,2025,Mayank Yadav,2,2,48,8.0,100,2,2-40,50.0,12.5,24.0,0,0
PLY_0732,2025,Ashwani Kumar,7,7,125,20.5,232,11,4-24,21.09,11.14,11.36,1,0
PLY_0738,2024,Musheer Khan,2,2,12,2.0,15,0,0-7,,7.5,,0,0
PLY_0738,2025,Musheer Khan,1,1,18,3.0,40,2,1-13,20.0,13.33,9.0,0,0
PLY_0741,2023,Vijaykumar Vyshak,7,7,145,24.1,253,9,3-20,28.11,10.47,16.11,0,0
PLY_0741,2024,Vijaykumar Vyshak,4,4,87,14.3,142,4,2-23,35.5,9.79,21.75,0,0
PLY_0741,2025,Vijaykumar Vyshak,5,5,103,17.1,181,4,2-44,45.25,10.54,25.75,0,0
PLY_0746,2024,Nandre Burger,5,5,102,17.0,145,7,2-29,20.71,8.53,14.57,0,0
PLY_0748,2025,Vignesh Puthur,5,5,72,12.0,109,6,3-32,18.17,9.08,12.0,0,0
PLY_0749,2022,Kuldeep Sen,7,7,151,25.1,237,8,4-20,29.62,9.42,18.88,1,0
PLY_0749,2023,Kuldeep Sen,2,2,19,3.1,28,0,0-8,,8.84,,0,0
PLY_0749,2024,Kuldeep Sen,3,3,73,12.1,122,6,3-41,20.33,10.03,12.17,0,0
PLY_0759,2024,Nuwan Thushara,7,7,158,26.2,257,8,3-42,32.12,9.76,19.75,0,0
PLY_0759,2025,Nuwan Thushara,1,1,25,4.1,26,1,1-26,26.0,6.24,25.0,0,0
PLY_0763,2025,Harsh Dubey,3,3,60,10.0,98,5,3-34,19.6,9.8,12.0,0,0
PLY_0767,2025,Eshan Malinga,7,7,160,26.4,238,13,3-31,18.31,8.92,12.31,0,0
PLY_0771,2025,Zeeshan Ansari,10,10,204,34.0,333,6,3-42,55.5,9.79,34.0,0,0
PLY_0944,2023,D Jansen,1,1,24,4.0,53,1,1-53,53.0,13.25,24.0,0,0
PLY_0955,2023,Ssb Magala,2,2,36,6.0,51,1,1-37,51.0,8.5,36.0,0,0
